City_ID,City,Country,Date,Lat,Lng,Max Temp,Humidity,Cloudiness,Wind Speed
0,Lavrentiya,RU,2022-05-05 18:25:06,65.5833,-171.0,14.77,90,40,4.38
1,Anuradhapura,LK,2022-05-05 18:25:06,8.3565,80.4173,77.52,96,99,6.55
2,Cape Town,ZA,2022-05-05 18:23:58,-33.9258,18.4232,60.12,89,20,5.75
3,Krasnouralsk,RU,2022-05-05 18:25:07,58.3638,60.0407,36.43,97,100,14.63
4,Mount Isa,AU,2022-05-05 18:25:07,-20.7333,139.5,58.77,41,99,14.97
5,Kahului,US,2022-05-05 18:25:08,20.8947,-156.47,75.85,80,100,13.8
6,Kang,BW,2022-05-05 18:25:08,-23.6752,22.7876,65.73,36,5,4.59
7,Mataura,NZ,2022-05-05 18:20:42,-46.1927,168.8643,52.48,90,80,2.95
8,Clyde River,CA,2022-05-05 18:25:09,70.4692,-68.5914,26.83,74,0,10.36
9,Sao Jose Da Coroa Grande,BR,2022-05-05 18:25:10,-8.8978,-35.1478,82.24,76,95,9.98
10,Vardo,NO,2022-05-05 18:25:10,70.3705,31.1107,35.58,64,0,19.57
11,Hithadhoo,MV,2022-05-05 18:22:14,-0.6,73.0833,83.84,74,100,17.11
12,Bonthe,SL,2022-05-05 18:25:11,7.5264,-12.505,84.16,69,81,5.46
13,Qasigiannguit,GL,2022-05-05 18:25:11,68.8193,-51.1922,25.05,68,1,5.17
14,Ushuaia,AR,2022-05-05 18:25:12,-54.8,-68.3,49.66,46,40,18.41
15,Malakal,SS,2022-05-05 18:25:12,9.5334,31.6605,90.7,38,63,1.5
16,Atuona,PF,2022-05-05 18:25:13,-9.8,-139.0333,78.49,75,83,14.76
17,Hermanus,ZA,2022-05-05 18:25:13,-34.4187,19.2345,59.81,92,13,8.86
18,Busselton,AU,2022-05-05 18:25:14,-33.65,115.3333,55.56,58,0,15.19
19,Bambous Virieux,MU,2022-05-05 18:25:14,-20.3428,57.7575,77.25,83,75,19.57
20,Wabash,US,2022-05-05 18:20:18,40.7978,-85.8205,56.71,89,100,9.51
21,Ribeira Grande,PT,2022-05-05 18:25:15,38.5167,-28.7,64.8,88,75,11.5
22,Bluff,NZ,2022-05-05 18:25:15,-46.6,168.3333,52.81,87,41,5.66
23,Rikitea,PF,2022-05-05 18:25:16,-23.1203,-134.9692,78.24,85,38,14.63
24,Kodiak,US,2022-05-05 18:25:17,57.79,-152.4072,42.31,81,100,12.66
25,Kruisfontein,ZA,2022-05-05 18:25:17,-34.0033,24.7314,62.6,67,11,1.92
26,New Norfolk,AU,2022-05-05 18:25:18,-42.7826,147.0587,56.7,86,100,7.0
27,Butaritari,KI,2022-05-05 18:25:18,3.0707,172.7902,81.86,68,79,17.4
28,Punta Arenas,CL,2022-05-05 18:23:26,-53.15,-70.9167,50.11,57,75,29.93
29,Kapaa,US,2022-05-05 18:21:09,22.0752,-159.319,77.32,80,40,16.11
30,Palmer,US,2022-05-05 18:25:19,42.1584,-72.3287,70.77,34,75,6.91
31,Brae,GB,2022-05-05 18:25:20,60.3964,-1.353,49.46,96,100,17.36
32,Castro,BR,2022-05-05 18:23:32,-24.7911,-50.0119,69.42,56,26,2.19
33,Fortuna,US,2022-05-05 18:25:20,40.5982,-124.1573,52.66,94,40,18.41
34,Khatanga,RU,2022-05-05 18:25:21,71.9667,102.5,30.4,98,100,10.31
35,Warren,US,2022-05-05 18:22:17,39.4334,-84.1666,62.94,74,75,6.91
36,Geraldton,AU,2022-05-05 18:25:21,-28.7667,114.6,61.21,41,0,13.8
37,Andrews,US,2022-05-05 18:22:16,32.3187,-102.5457,75.27,20,0,14.97
38,Souillac,MU,2022-05-05 18:25:22,-20.5167,57.5167,77.38,83,75,19.57
39,Luderitz,NA,2022-05-05 18:25:22,-26.6481,15.1594,66.85,54,0,7.25
40,Chuy,UY,2022-05-05 18:25:23,-33.6971,-53.4616,67.26,55,22,4.34
41,Port Hardy,CA,2022-05-05 18:25:23,50.6996,-127.4199,46.4,93,100,4.61
42,Te Anau,NZ,2022-05-05 18:25:24,-45.4167,167.7167,49.84,93,31,1.86
43,Rawlins,US,2022-05-05 18:22:41,41.7911,-107.2387,55.35,54,20,18.41
44,Nome,US,2022-05-05 18:23:55,64.5011,-165.4064,36.16,86,0,4.61
45,Albany,US,2022-05-05 18:25:25,42.6001,-73.9662,66.45,44,71,1.01
46,Mayor Pablo Lagerenza,PY,2022-05-05 18:26:25,-19.9309,-60.7718,83.35,17,0,4.14
47,Sambava,MG,2022-05-05 18:26:25,-14.2667,50.1667,76.17,83,15,14.03
48,Dawei,MM,2022-05-05 18:26:26,14.0833,98.2,77.13,85,84,3.47
49,Vaini,TO,2022-05-05 18:26:26,-21.2,-175.2,69.96,94,20,1.14
50,Hambantota,LK,2022-05-05 18:26:27,6.1241,81.1185,77.34,100,40,8.05
51,Rio Grande,BR,2022-05-05 18:26:27,-32.035,-52.0986,77.11,58,2,5.73
52,Hobart,AU,2022-05-05 18:26:28,-42.8794,147.3294,57.06,95,100,23.02
53,Tasiilaq,GL,2022-05-05 18:26:28,65.6145,-37.6368,28.56,63,2,2.95
54,Nikolskoye,RU,2022-05-05 18:26:29,59.7035,30.7861,49.8,56,100,5.1
55,Dikson,RU,2022-05-05 18:24:24,73.5069,80.5464,15.93,98,99,5.01
56,Muisne,EC,2022-05-05 18:26:29,0.6,-80.0333,79.52,75,97,14.09
57,Jamestown,US,2022-05-05 18:26:30,42.097,-79.2353,64.53,60,0,9.22
58,Jalu,LY,2022-05-05 18:26:30,29.0331,21.5482,79.32,19,34,9.08
59,Hilo,US,2022-05-05 18:25:47,19.7297,-155.09,77.29,96,100,1.99
60,Cabo San Lucas,MX,2022-05-05 18:23:35,22.8909,-109.9124,82.62,54,0,3.44
61,Georgetown,MY,2022-05-05 18:23:56,5.4112,100.3354,82.33,88,20,3.44
62,Porto Novo,BJ,2022-05-05 18:26:31,6.4965,2.6036,82.22,76,85,7.76
63,Saint George,US,2022-05-05 18:23:25,37.1041,-113.5841,79.63,20,0,6.91
64,Saskylakh,RU,2022-05-05 18:25:41,71.9167,114.0833,18.48,95,64,8.63
65,Tiksi,RU,2022-05-05 18:26:32,71.6872,128.8694,1.4,100,93,6.13
66,Dunedin,NZ,2022-05-05 18:21:36,-45.8742,170.5036,54.81,71,41,1.99
67,Basoko,CD,2022-05-05 18:26:32,1.2391,23.616,74.84,86,92,5.23
68,Touros,BR,2022-05-05 18:26:33,-5.1989,-35.4608,77.32,91,96,14.81
69,Lebu,CL,2022-05-05 18:26:33,-37.6167,-73.65,58.64,78,41,6.93
70,Puerto Ayora,EC,2022-05-05 18:26:33,-0.7393,-90.3518,76.96,87,97,7.25
71,Isangel,VU,2022-05-05 18:26:34,-19.55,169.2667,73.51,88,2,4.61
72,Port Alfred,ZA,2022-05-05 18:26:34,-33.5906,26.891,71.55,62,2,5.01
73,Talnakh,RU,2022-05-05 18:26:35,69.4865,88.3972,16.21,96,96,6.4
74,Arraial Do Cabo,BR,2022-05-05 18:26:35,-22.9661,-42.0278,78.76,61,40,12.66
75,Yokadouma,CM,2022-05-05 18:26:36,3.5167,15.05,71.64,97,98,2.93
76,Nador,MA,2022-05-05 18:26:36,35.174,-2.9287,68.07,68,20,4.61
77,Hays,US,2022-05-05 18:26:37,30.0502,-98.0336,86.95,65,100,5.99
78,Saint-Philippe,RE,2022-05-05 18:26:37,-21.3585,55.7679,76.59,87,69,16.55
79,Longyearbyen,SJ,2022-05-05 18:24:10,78.2186,15.6401,22.84,68,75,5.75
80,Yellowknife,CA,2022-05-05 18:25:54,62.456,-114.3525,48.72,61,20,8.05
81,Mahebourg,MU,2022-05-05 18:26:38,-20.4081,57.7,77.29,83,75,19.57
82,Erzin,TR,2022-05-05 18:26:38,36.9559,36.2,57.81,86,100,2.73
83,Tuktoyaktuk,CA,2022-05-05 18:26:39,69.4541,-133.0374,24.8,93,100,18.41
84,Siparia,TT,2022-05-05 18:26:39,10.1333,-61.5,86.79,73,100,4.0
85,Gat,IL,2022-05-05 18:26:40,31.61,34.7642,65.08,100,3,12.08
86,Mori,JP,2022-05-05 18:26:40,34.8333,137.9333,58.44,80,97,4.0
87,Nacala,MZ,2022-05-05 18:26:41,-14.5428,40.6728,73.09,86,30,6.4
88,Bilibino,RU,2022-05-05 18:26:41,68.0546,166.4372,29.93,98,100,1.45
89,Guerrero Negro,MX,2022-05-05 18:26:42,27.9769,-114.0611,69.73,60,4,10.8
90,Kassala,SD,2022-05-05 18:26:42,15.451,36.4,99.39,19,23,8.14
91,Port Elizabeth,ZA,2022-05-05 18:27:43,-33.918,25.5701,62.31,73,0,2.3
92,Thinadhoo,MV,2022-05-05 18:26:09,0.5333,72.9333,83.91,74,100,12.75
93,Port Hedland,AU,2022-05-05 18:27:44,-20.3167,118.5667,73.45,40,15,11.5
94,Along,IN,2022-05-05 18:27:44,28.1667,94.7667,67.51,92,29,1.7
95,San Patricio,US,2022-05-05 18:27:45,28.017,-97.5169,86.88,60,39,19.6
96,Severo-Kurilsk,RU,2022-05-05 18:27:45,50.6789,156.125,33.04,89,35,9.48
97,Roma,US,2022-05-05 18:27:45,43.2128,-75.4557,65.95,41,0,6.91
98,Port Lincoln,AU,2022-05-05 18:24:56,-34.7333,135.8667,56.48,57,80,13.13
99,Pisco,PE,2022-05-05 18:27:46,-13.7,-76.2167,70.02,83,4,11.5
100,Thompson,CA,2022-05-05 18:25:36,55.7435,-97.8558,37.56,65,100,10.36
101,Porto Empedocle,IT,2022-05-05 18:27:46,37.2934,13.5264,69.24,42,64,30.91
102,Sao Joao Da Barra,BR,2022-05-05 18:27:47,-21.6403,-41.0511,77.09,73,74,5.12
103,Neiafu,TO,2022-05-05 18:27:47,-18.65,-173.9833,68.68,100,20,0.0
104,Strezhevoy,RU,2022-05-05 18:27:48,60.7333,77.5889,40.51,90,100,8.72
105,Copiapo,CL,2022-05-05 18:27:48,-27.3667,-70.3333,62.29,38,92,6.78
106,Lusaka,ZM,2022-05-05 18:27:49,-15.4067,28.2871,61.38,74,11,5.44
107,Pa Sang,TH,2022-05-05 18:27:49,18.5262,98.9394,81.86,64,39,0.96
108,Saint-Louis,SN,2022-05-05 18:27:50,16.3333,-15.0,107.24,13,3,8.1
109,Katsuura,JP,2022-05-05 18:27:50,35.1333,140.3,63.52,82,100,7.94
110,Shenjiamen,CN,2022-05-05 18:27:50,29.9576,122.298,62.49,99,38,5.93
111,Husavik,IS,2022-05-05 18:25:45,66.0449,-17.3389,39.15,77,73,9.46
112,Artigas,UY,2022-05-05 18:27:51,-30.4,-56.4667,69.37,63,10,3.2
113,Deputatskiy,RU,2022-05-05 18:27:51,69.3,139.9,18.16,97,100,1.36
114,Bethel,US,2022-05-05 18:27:52,41.3712,-73.414,72.19,37,0,8.05
115,Kaitangata,NZ,2022-05-05 18:27:52,-46.2817,169.8464,53.74,81,73,4.29
116,Churapcha,RU,2022-05-05 18:27:53,62.0025,132.4325,31.03,89,100,12.71
117,Mar Del Plata,AR,2022-05-05 18:27:53,-38.0023,-57.5575,70.88,58,0,16.11
118,Yeppoon,AU,2022-05-05 18:27:54,-23.1333,150.7333,71.38,92,1,2.71
119,Makakilo City,US,2022-05-05 18:25:52,21.3469,-158.0858,73.69,73,40,14.97
120,Chokurdakh,RU,2022-05-05 18:24:19,70.6333,147.9167,16.5,96,99,7.09
121,Belaya Gora,RU,2022-05-05 18:27:55,68.5333,146.4167,28.87,98,100,6.38
122,Nabire,ID,2022-05-05 18:27:55,-3.3667,135.4833,77.34,91,100,2.89
123,Kismayo,SO,2022-05-05 18:27:55,-0.3582,42.5454,80.02,83,100,11.05
124,Pevek,RU,2022-05-05 18:27:56,69.7008,170.3133,22.71,94,100,6.76
125,Kieta,PG,2022-05-05 18:27:56,-6.2167,155.6333,80.11,83,66,3.53
126,Baza,ES,2022-05-05 18:27:57,37.4907,-2.7726,65.57,48,89,8.01
127,Shimoda,JP,2022-05-05 18:27:57,34.6667,138.95,59.11,84,100,3.56
128,Moose Factory,CA,2022-05-05 18:27:58,51.2585,-80.6094,33.8,74,0,12.66
129,Iquique,CL,2022-05-05 18:25:33,-20.2208,-70.1431,66.24,71,13,6.55
130,Airai,TL,2022-05-05 18:27:58,-8.9266,125.4092,59.41,93,80,3.09
131,Kuruman,ZA,2022-05-05 18:27:59,-27.4524,23.4325,64.18,30,0,4.97
132,Narsaq,GL,2022-05-05 18:27:59,60.9167,-46.05,43.02,63,100,3.29
133,Barrow,US,2022-05-05 18:27:59,71.2906,-156.7887,12.22,85,100,12.66
134,Morondava,MG,2022-05-05 18:28:00,-20.2833,44.2833,78.62,74,1,10.58
135,Lata,PT,2022-05-05 18:28:00,40.1629,-8.3327,69.82,50,14,6.93
136,Quatre Cocos,MU,2022-05-05 18:28:01,-20.2078,57.7625,77.11,82,57,21.68
137,Smirnykh,RU,2022-05-05 18:29:01,49.75,142.8333,32.72,98,100,5.7
138,Andreapol,RU,2022-05-05 18:29:02,56.6513,32.2664,41.92,63,99,4.47
139,Codrington,AU,2022-05-05 18:29:03,-38.2667,141.9667,48.81,86,99,2.68
140,Kaoma,ZM,2022-05-05 18:29:03,-14.7833,24.8,64.04,69,10,4.14
141,Ulladulla,AU,2022-05-05 18:29:04,-35.35,150.4667,49.1,60,27,10.31
142,Xixiang,CN,2022-05-05 18:29:04,35.1628,112.865,69.94,52,37,2.3
143,Ahipara,NZ,2022-05-05 18:29:05,-35.1667,173.1667,58.01,90,11,5.84
144,Kenai,US,2022-05-05 18:29:06,60.5544,-151.2583,50.02,58,40,14.97
145,East London,ZA,2022-05-05 18:29:06,-33.0153,27.9116,72.54,78,0,5.75
146,Kintampo,GH,2022-05-05 18:29:07,8.0563,-1.7306,83.23,64,44,1.63
147,Jieshi,CN,2022-05-05 18:29:08,22.8134,115.8257,76.95,81,79,7.47
148,Beringovskiy,RU,2022-05-05 18:29:08,63.05,179.3167,12.09,90,18,4.47
149,Kamina,CD,2022-05-05 18:29:09,-8.7386,24.9906,66.92,79,67,3.22
150,Lluta,PE,2022-05-05 18:29:10,-16.0147,-72.0142,61.41,37,0,10.09
151,Hamilton,US,2022-05-05 18:27:11,39.1834,-84.5333,63.99,75,75,8.05
152,Constantine,DZ,2022-05-05 18:29:10,36.365,6.6147,56.61,94,75,21.85
153,Avarua,CK,2022-05-05 18:29:11,-21.2078,-159.775,75.25,94,97,3.44
154,Marshfield,US,2022-05-05 18:29:11,44.6689,-90.1718,60.75,31,0,5.75
155,Kumluca,TR,2022-05-05 18:29:12,36.3703,30.2869,63.9,56,25,7.18
156,Zhigansk,RU,2022-05-05 18:29:13,66.7697,123.3711,8.1,94,17,2.17
157,Brasileia,BR,2022-05-05 18:29:13,-11.0161,-68.7481,82.85,57,20,3.44
158,Auki,SB,2022-05-05 18:29:14,-8.7676,160.7034,76.46,85,7,3.49
159,Iqaluit,CA,2022-05-05 18:29:15,63.7506,-68.5145,20.93,62,0,16.11
160,Tari,NG,2022-05-05 18:29:15,12.4086,4.4914,79.38,69,100,21.88
161,Cidreira,BR,2022-05-05 18:29:16,-30.1811,-50.2056,67.59,66,94,10.04
162,Fort Nelson,CA,2022-05-05 18:29:16,58.8053,-122.7002,51.39,28,75,4.61
163,Clonakilty,IE,2022-05-05 18:29:17,51.6231,-8.8706,62.1,85,74,12.3
164,Hamina,FI,2022-05-05 18:29:17,60.5697,27.1979,49.28,66,100,7.92
165,Eureka,US,2022-05-05 18:29:18,40.8021,-124.1637,54.75,76,100,5.99
166,Adrar,MR,2022-05-05 18:29:18,20.5022,-10.0711,95.76,11,38,7.67
167,Sur,OM,2022-05-05 18:29:19,22.5667,59.5289,82.13,64,0,5.44
168,Carnarvon,AU,2022-05-05 18:29:19,-24.8667,113.6333,64.47,52,13,6.91
169,Bengkulu,ID,2022-05-05 18:29:20,-3.8004,102.2655,76.39,88,100,4.85
170,Inhambane,MZ,2022-05-05 18:29:20,-23.865,35.3833,70.63,87,24,6.53
171,Surt,LY,2022-05-05 18:29:21,31.2089,16.5887,75.85,41,0,20.49
172,Bredasdorp,ZA,2022-05-05 18:26:03,-34.5322,20.0403,59.67,88,6,6.62
173,Komsomolskiy,UZ,2022-05-05 18:29:22,40.4272,71.7189,70.52,60,20,4.61
174,Kalianget,ID,2022-05-05 18:29:22,-7.05,113.9333,80.67,83,100,4.92
175,Sombrio,BR,2022-05-05 18:29:22,-29.1139,-49.6167,69.93,64,48,10.96
176,Saint-Felicien,CA,2022-05-05 18:29:23,48.6501,-72.4491,47.08,39,75,14.97
177,Ilhabela,BR,2022-05-05 18:29:23,-23.7781,-45.3581,74.01,70,64,11.48
178,Tuatapere,NZ,2022-05-05 18:29:24,-46.1333,167.6833,51.94,90,20,5.17
179,Matay,EG,2022-05-05 18:29:24,28.419,30.7792,74.16,28,0,19.39
180,Masindi,UG,2022-05-05 18:29:25,1.6744,31.715,66.88,93,93,2.21
181,Boca Do Acre,BR,2022-05-05 18:29:25,-8.7522,-67.3978,88.38,48,73,3.49
182,Cherskiy,RU,2022-05-05 18:29:26,68.75,161.3,30.85,88,100,6.11
183,Salalah,OM,2022-05-05 18:29:26,17.0151,54.0924,84.29,84,40,3.44
184,Nanortalik,GL,2022-05-05 18:30:27,60.1432,-45.2371,34.12,77,100,10.98
185,La Palma,US,2022-05-05 18:30:27,33.8464,-118.0467,84.67,64,20,4.61
186,Esperance,AU,2022-05-05 18:30:27,-33.8667,121.9,49.84,79,5,7.96
187,Yar-Sale,RU,2022-05-05 18:30:28,66.8333,70.8333,11.93,84,6,10.02
188,San Policarpo,PH,2022-05-05 18:30:28,12.1791,125.5072,80.73,80,100,5.08
189,Camapua,BR,2022-05-05 18:30:29,-19.5314,-54.0439,78.78,37,0,3.65
190,Marzuq,YE,2022-05-05 18:30:30,14.4,46.4667,78.26,33,0,5.97
191,Poltavka,RU,2022-05-05 18:30:30,54.3663,71.7632,52.84,78,85,8.28
192,Abalak,RU,2022-05-05 18:30:31,58.1286,68.5944,47.08,88,100,5.46
193,Ixtapa,MX,2022-05-05 18:30:31,20.7,-105.2,79.83,69,0,11.5
194,Bograd,RU,2022-05-05 18:30:32,54.2344,90.8328,45.52,40,83,4.59
195,Cap Malheureux,MU,2022-05-05 18:30:32,-19.9842,57.6142,75.47,81,10,10.0
196,Waipawa,NZ,2022-05-05 18:30:33,-41.4122,175.5153,50.31,93,8,4.27
197,Sibolga,ID,2022-05-05 18:30:33,1.7427,98.7792,77.43,94,100,4.92
198,Lambarene,GA,2022-05-05 18:30:34,-0.7001,10.2406,72.64,93,100,6.17
199,Buala,SB,2022-05-05 18:30:34,-8.145,159.5921,80.17,79,13,5.66
200,Port-Gentil,GA,2022-05-05 18:30:35,-0.7193,8.7815,84.16,79,20,9.22
201,Berlevag,NO,2022-05-05 18:30:35,70.8578,29.0864,31.8,76,100,16.69
202,Terrace,CA,2022-05-05 18:26:34,54.5163,-128.6035,46.31,76,75,6.91
203,San Antonio,US,2022-05-05 18:29:43,29.4241,-98.4936,86.97,71,75,12.66
204,Lorengau,PG,2022-05-05 18:30:36,-2.0226,147.2712,80.73,82,14,4.94
205,Karaton,ID,2022-05-05 18:30:36,-6.3424,106.1045,75.49,95,38,3.04
206,Banjar,ID,2022-05-05 18:30:37,-8.19,114.9675,76.98,92,6,4.0
207,Ponta Delgada,PT,2022-05-05 18:26:28,37.7333,-25.6667,65.12,72,20,14.97
208,Flinders,AU,2022-05-05 18:30:38,-34.5833,150.8552,53.06,66,1,7.29
209,Sistranda,NO,2022-05-05 18:30:38,63.7256,8.834,44.56,80,99,17.18
210,Constitucion,CL,2022-05-05 18:30:38,-35.3333,-72.4167,60.91,75,96,7.54
211,Aykhal,RU,2022-05-05 18:30:39,66.0,111.5,30.27,93,99,14.7
212,Ryuo,JP,2022-05-05 18:30:39,35.65,138.5,55.18,89,100,1.03
213,Ughelli,NG,2022-05-05 18:30:40,5.4899,6.0074,78.98,85,82,4.83
214,Kalmunai,LK,2022-05-05 18:30:40,7.4167,81.8167,81.43,80,100,3.65
215,Ust-Omchug,RU,2022-05-05 18:30:41,61.15,149.6333,27.18,95,100,6.13
216,Cooma,AU,2022-05-05 18:30:41,-36.2333,149.1333,33.57,80,1,5.75
217,Yerbogachen,RU,2022-05-05 18:30:42,61.2767,108.0108,29.93,91,100,6.04
218,Bougouni,ML,2022-05-05 18:30:42,11.417,-7.479,95.47,25,85,7.2
219,Livingston,GB,2022-05-05 18:29:53,55.9029,-3.5226,58.28,74,75,13.8
220,Port Macquarie,AU,2022-05-05 18:30:13,-31.4333,152.9167,61.9,88,100,8.86
221,Argir,FO,2022-05-05 18:30:43,61.9959,-6.7715,47.37,88,100,19.33
222,Turukhansk,RU,2022-05-05 18:30:43,65.8167,87.9833,24.21,88,17,10.65
223,Williston,US,2022-05-05 18:27:24,48.147,-103.618,74.03,37,22,5.01
224,Verkhoyansk,RU,2022-05-05 18:30:44,67.5447,133.385,21.15,97,100,2.75
225,Sola,VU,2022-05-05 18:30:44,-13.8833,167.55,81.95,72,3,6.53
226,Puerto Quijarro,BO,2022-05-05 18:31:45,-17.7833,-57.7667,84.87,24,0,3.27
227,Curup,ID,2022-05-05 18:31:45,-3.4667,102.5333,68.94,97,100,1.43
228,Maraa,BR,2022-05-05 18:31:45,-1.8333,-65.3667,84.25,71,78,1.07
229,Praia Da Vitoria,PT,2022-05-05 18:31:46,38.7333,-27.0667,66.45,77,40,18.75
230,Caravelas,BR,2022-05-05 18:31:46,-17.7125,-39.2481,83.08,71,0,12.71
231,Ploemeur,FR,2022-05-05 18:31:47,47.7333,-3.4333,63.63,70,0,12.66
232,Kargasok,RU,2022-05-05 18:31:47,59.0556,80.8572,46.45,63,25,7.83
233,Demyansk,RU,2022-05-05 18:31:48,57.643,32.466,40.78,62,99,3.36
234,Provideniya,RU,2022-05-05 18:31:48,64.3833,-173.3,27.81,84,66,3.15
235,Zuwarah,LY,2022-05-05 18:31:49,32.9312,12.082,80.22,35,100,15.37
236,Henties Bay,NA,2022-05-05 18:31:49,-22.116,14.2845,69.1,55,0,7.45
237,Ise,JP,2022-05-05 18:31:51,34.4833,136.7,61.92,93,100,2.15
238,Kaura Namoda,NG,2022-05-05 18:31:52,12.5898,6.5779,90.1,37,100,9.64
239,Ballina,AU,2022-05-05 18:31:52,-28.8667,153.5667,69.01,100,100,0.0
240,Thabazimbi,ZA,2022-05-05 18:31:52,-24.5917,27.4116,64.09,44,0,1.95
241,Jacqueville,CI,2022-05-05 18:31:53,5.2052,-4.4146,82.74,80,97,8.63
242,Krasnyy Chikoy,RU,2022-05-05 18:31:53,50.3643,108.7512,24.78,81,2,1.95
243,Buraydah,SA,2022-05-05 18:29:58,26.326,43.975,90.05,16,30,13.09
244,Qaanaaq,GL,2022-05-05 18:31:54,77.484,-69.3632,19.45,78,5,6.42
245,Oriximina,BR,2022-05-05 18:31:54,-1.7656,-55.8661,88.14,62,60,5.1
246,Lasa,IT,2022-05-05 18:31:55,46.6166,10.7002,54.48,97,100,2.57
247,Tura,IN,2022-05-05 18:31:55,25.5198,90.2201,69.15,92,4,4.16
248,Andenes,NO,2022-05-05 18:29:59,69.3143,16.1194,39.18,87,75,23.02
249,Karratha,AU,2022-05-05 18:31:56,-20.7377,116.8463,75.31,37,0,16.06
250,Hobyo,SO,2022-05-05 18:31:56,5.3505,48.5268,84.27,78,4,22.55
251,Freetown,SL,2022-05-05 18:31:57,8.484,-13.2299,81.88,71,64,6.6
252,Avera,US,2022-05-05 18:31:57,33.194,-82.5271,89.11,36,4,6.15
253,Kizukuri,JP,2022-05-05 18:31:57,40.8061,140.3861,48.11,86,0,4.03
254,Hovd,MN,2022-05-05 18:31:58,48.0056,91.6419,50.79,26,44,1.66
255,Hofn,IS,2022-05-05 18:31:58,64.2539,-15.2082,40.3,91,100,12.64
256,Parana,AR,2022-05-05 18:28:06,-31.732,-60.5238,75.54,55,1,7.61
257,Plettenberg Bay,ZA,2022-05-05 18:31:59,-34.0527,23.3716,65.52,62,24,4.68
258,Ponta Do Sol,PT,2022-05-05 18:31:59,32.6667,-17.1,69.71,67,30,5.1
259,Sovetskiy,RU,2022-05-05 18:32:00,61.3614,63.5842,31.57,94,100,10.87
260,Vestmannaeyjar,IS,2022-05-05 18:32:00,63.4427,-20.2734,42.87,61,96,25.68
261,Bijar,IR,2022-05-05 18:32:00,35.8668,47.6051,52.02,49,0,3.85
262,Lithgow,AU,2022-05-05 18:32:01,-33.4833,150.15,35.85,98,22,3.8
263,Dingle,PH,2022-05-05 18:32:01,10.9995,122.6711,77.41,87,93,6.26
264,Atambua,ID,2022-05-05 18:32:02,-9.1061,124.8925,72.28,88,76,4.54
265,Qaqortoq,GL,2022-05-05 18:32:02,60.7167,-46.0333,34.61,69,100,6.38
266,Mount Gambier,AU,2022-05-05 18:31:49,-37.8333,140.7667,42.71,100,100,8.05
267,Great Yarmouth,GB,2022-05-05 18:32:03,52.6083,1.7305,61.05,85,100,2.98
268,Oranjemund,NA,2022-05-05 18:32:03,-28.55,16.4333,60.85,73,0,4.38
269,Birao,CF,2022-05-05 18:32:04,10.2849,22.7882,88.41,39,6,4.83
270,Maceio,BR,2022-05-05 18:32:08,-9.6658,-35.7353,85.44,65,40,11.5
271,Victoria,HK,2022-05-05 18:29:26,22.2855,114.1577,77.18,81,28,8.01
272,Acapulco,MX,2022-05-05 18:29:29,16.8634,-99.8901,85.82,66,100,9.22
273,Kirn,DE,2022-05-05 18:33:11,49.7833,7.45,59.81,78,100,1.92
274,Kaeo,NZ,2022-05-05 18:33:12,-35.1,173.7833,60.21,88,59,6.6
275,Santa Maria,BR,2022-05-05 18:28:38,-29.6842,-53.8069,70.9,60,75,4.61
276,Gualaceo,EC,2022-05-05 18:33:12,-2.9,-78.7833,65.86,84,100,6.55
277,Torbay,CA,2022-05-05 18:33:13,47.6666,-52.7314,48.58,75,100,17.27
278,Rupea,RO,2022-05-05 18:33:13,46.0333,25.2167,51.42,70,88,3.06
279,San Pedro De Lloc,PE,2022-05-05 18:33:14,-7.4328,-79.5058,72.54,67,40,13.09
280,Jacareacanga,BR,2022-05-05 18:33:14,-6.2222,-57.7528,86.49,69,24,2.8
281,Labytnangi,RU,2022-05-05 18:33:15,66.6572,66.4183,20.37,86,90,10.96
282,Lakes Entrance,AU,2022-05-05 18:33:15,-37.8811,147.981,41.16,88,3,6.96
283,Muros,ES,2022-05-05 18:33:16,42.7762,-9.0603,63.16,71,5,11.61
284,Sechura,PE,2022-05-05 18:33:16,-5.5569,-80.8222,77.99,57,54,11.59
285,Sao Filipe,CV,2022-05-05 18:33:17,14.8961,-24.4956,73.78,77,83,6.44
286,Bhag,PK,2022-05-05 18:33:17,29.0415,67.8239,89.58,27,0,6.4
287,Petropavlovsk-Kamchatskiy,RU,2022-05-05 18:33:17,53.0452,158.6483,27.19,100,0,4.47
288,Key West,US,2022-05-05 18:30:00,24.5557,-81.7826,89.6,69,20,10.36
289,Valley City,US,2022-05-05 18:33:18,46.9233,-98.0032,55.92,67,100,12.66
290,Nhulunbuy,AU,2022-05-05 18:33:19,-12.2333,136.7667,79.41,83,75,8.05
291,Laurel,US,2022-05-05 18:29:44,39.0993,-76.8483,67.73,70,100,6.91
292,Zhuhai,CN,2022-05-05 18:33:19,22.2769,113.5678,75.85,83,20,4.61
293,Hami,CN,2022-05-05 18:33:20,42.8,93.45,75.88,24,91,10.36
294,Port Hueneme,US,2022-05-05 18:33:20,34.1478,-119.1951,82.33,80,100,11.5
295,Saldanha,ZA,2022-05-05 18:33:20,-33.0117,17.9442,57.25,96,44,6.13
296,Letlhakane,BW,2022-05-05 18:33:21,-21.4167,25.5833,66.99,37,0,5.99
297,Muzaffarabad,PK,2022-05-05 18:33:21,34.37,73.4711,69.17,60,3,5.35
298,Tabuk,PH,2022-05-05 18:31:16,17.4189,121.4443,74.44,87,28,2.26
299,La Ronge,CA,2022-05-05 18:30:18,55.1001,-105.2842,39.45,81,75,14.97
300,Nantucket,US,2022-05-05 18:33:22,41.2835,-70.0995,62.74,55,0,13.8
301,Atar,MR,2022-05-05 18:33:23,20.5169,-13.0499,93.67,9,0,9.53
302,Anloga,GH,2022-05-05 18:33:23,5.7947,0.8973,83.35,78,100,12.26
303,Khvoynaya,RU,2022-05-05 18:33:24,58.9,34.5333,35.64,74,60,3.89
304,Januaria,BR,2022-05-05 18:33:24,-15.4833,-44.3667,88.18,36,94,2.35
305,Srednekolymsk,RU,2022-05-05 18:33:25,67.45,153.6833,26.37,92,100,4.47
306,Maldonado,UY,2022-05-05 18:33:25,-34.6667,-54.9167,69.19,57,100,3.83
307,Saverne,FR,2022-05-05 18:33:26,48.8333,7.25,55.71,83,100,2.42
308,Upernavik,GL,2022-05-05 18:33:26,72.7868,-56.1549,14.94,79,45,7.58
309,Vallenar,CL,2022-05-05 18:31:11,-28.5708,-70.7581,76.51,34,100,5.77
310,Abnub,EG,2022-05-05 18:33:27,27.2696,31.1511,74.26,28,0,9.46
311,Goundam,ML,2022-05-05 18:33:28,16.4145,-3.6708,97.86,11,100,7.09
312,Kisangani,CD,2022-05-05 18:33:28,0.5167,25.2,75.69,81,100,2.35
313,Aksarka,RU,2022-05-05 18:33:29,66.5606,67.7975,17.71,83,27,12.55
314,Mandalgovi,MN,2022-05-05 18:33:29,45.7625,106.2708,37.65,34,100,9.89
315,Caico,BR,2022-05-05 18:33:30,-6.4583,-37.0978,90.88,40,100,18.28
316,Stary Sacz,PL,2022-05-05 18:33:30,49.5636,20.635,59.4,74,94,4.45
317,Nagua,DO,2022-05-05 18:33:31,19.3832,-69.8474,86.31,70,20,6.91
318,Kokopo,PG,2022-05-05 18:34:31,-4.352,152.2633,76.96,87,94,5.19
319,Mogadishu,SO,2022-05-05 18:33:31,2.0371,45.3438,82.33,78,90,15.46
320,Klaksvik,FO,2022-05-05 18:34:32,62.2266,-6.589,47.32,81,100,19.48
321,Massakory,TD,2022-05-05 18:34:32,12.996,15.7293,95.59,22,100,5.46
322,Cayenne,GF,2022-05-05 18:34:32,4.9333,-52.3333,84.24,1,75,8.05
323,Basudebpur,IN,2022-05-05 18:34:33,21.1353,86.7386,82.36,82,41,6.82
324,Florianopolis,BR,2022-05-05 18:33:29,-27.6146,-48.5012,73.69,64,40,17.27
325,Mahibadhoo,MV,2022-05-05 18:34:34,3.7833,72.9667,82.04,77,100,9.98
326,Djambala,CG,2022-05-05 18:34:34,-2.5447,14.7533,72.05,83,100,2.39
327,Dudinka,RU,2022-05-05 18:32:18,69.4058,86.1778,16.63,91,100,15.73
328,Nicoya,CR,2022-05-05 18:34:35,10.1483,-85.452,85.89,63,100,2.26
329,Korla,CN,2022-05-05 18:34:35,41.7597,86.1469,77.25,24,100,14.16
330,Broome,US,2022-05-05 18:34:36,42.2506,-75.833,67.53,37,0,4.0
331,Okhotsk,RU,2022-05-05 18:34:37,59.3833,143.3,28.44,96,94,6.49
332,Balabac,PH,2022-05-05 18:34:37,7.9868,117.0645,82.6,81,95,14.07
333,Russell,US,2022-05-05 18:34:38,32.3502,-85.1999,89.91,52,0,8.05
334,Loreto,MX,2022-05-05 18:34:20,22.2667,-101.9667,83.07,16,0,7.34
335,Los Llanos De Aridane,ES,2022-05-05 18:34:38,28.6585,-17.9182,64.15,81,75,10.36
336,Ust-Nera,RU,2022-05-05 18:32:21,64.5667,143.2,25.07,95,98,5.48
337,Huarmey,PE,2022-05-05 18:34:39,-10.0681,-78.1522,71.42,74,66,10.96
338,Joshimath,IN,2022-05-05 18:34:39,30.5667,79.5667,61.16,77,100,1.05
339,Lompoc,US,2022-05-05 18:34:40,34.6391,-120.4579,68.92,85,40,6.91
340,Yingkou,CN,2022-05-05 18:34:40,40.6648,122.2283,57.56,62,100,8.25
341,Brownwood,US,2022-05-05 18:33:27,31.7093,-98.9912,76.32,63,80,13.58
342,Anadyr,RU,2022-05-05 18:34:41,64.75,177.4833,27.1,74,20,8.95
343,Bhum,IN,2022-05-05 18:34:41,18.4667,75.6667,91.24,17,0,7.78
344,Salo,IT,2022-05-05 18:34:42,45.6086,10.531,58.86,90,100,4.65
345,Manokwari,ID,2022-05-05 18:33:46,-0.8667,134.0833,78.73,83,97,2.28
346,Wum,CM,2022-05-05 18:34:42,6.3833,10.0667,66.56,95,100,0.81
347,Alyangula,AU,2022-05-05 18:34:43,-13.8483,136.4192,73.27,94,75,0.0
348,Limoeiro Do Ajuru,BR,2022-05-05 18:34:43,-1.8953,-49.3806,81.75,83,86,6.73
349,Ribas Do Rio Pardo,BR,2022-05-05 18:34:44,-20.4431,-53.7592,75.11,44,0,2.51
350,Makat,KZ,2022-05-05 18:34:44,47.6469,53.3463,66.25,29,100,6.2
351,Canecas,PT,2022-05-05 18:34:44,38.8132,-9.2268,72.55,58,0,14.97
352,Kyra,RU,2022-05-05 18:34:45,49.5776,111.9753,26.38,63,0,7.05
353,Isagarh,IN,2022-05-05 18:34:45,24.8333,77.8833,89.37,18,2,3.11
354,San Cristobal,VE,2022-05-05 18:34:46,7.7669,-72.225,75.38,81,100,5.61
355,Mayma,RU,2022-05-05 18:34:46,52.0197,85.9114,50.34,60,57,3.74
356,Aksu,CN,2022-05-05 18:34:47,41.1231,80.2644,76.01,21,100,3.85
357,Hirara,JP,2022-05-05 18:34:47,24.8,125.2833,78.08,86,100,20.45
358,Faanui,PF,2022-05-05 18:34:48,-16.4833,-151.75,81.36,73,43,7.36
359,Ancud,CL,2022-05-05 18:33:05,-41.8697,-73.8203,53.98,92,98,14.63
360,Kendal,GB,2022-05-05 18:34:48,54.3268,-2.7476,58.84,91,40,6.17
361,Xuddur,SO,2022-05-05 18:32:29,4.1213,43.8894,76.69,75,9,11.52
362,Moron,AR,2022-05-05 18:34:49,-34.6534,-58.6198,70.95,58,85,4.41
363,Astana,KZ,2022-05-05 18:35:47,51.1801,71.446,49.95,87,0,6.71
364,Sulphur Springs,US,2022-05-05 18:35:49,33.1385,-95.6011,69.75,94,100,10.36
365,Tracy,US,2022-05-05 18:35:49,37.7397,-121.4252,75.85,36,56,4.0
366,Norsup,VU,2022-05-05 18:35:50,-16.0667,167.3833,78.49,84,7,7.23
367,Aguimes,ES,2022-05-05 18:35:50,27.9054,-15.4461,68.67,64,20,25.32
368,Alofi,NU,2022-05-05 18:33:39,-19.0595,-169.9187,73.29,88,36,5.75
369,Fiumicino,IT,2022-05-05 18:35:52,41.7675,12.2291,66.65,77,0,3.44
370,Manaure,CO,2022-05-05 18:35:53,11.7751,-72.4445,89.62,55,100,15.01
371,Almeirim,BR,2022-05-05 18:35:53,-1.5233,-52.5817,83.77,74,49,4.88
372,Edd,ER,2022-05-05 18:35:54,13.9297,41.6925,89.22,60,4,7.99
373,Kavieng,PG,2022-05-05 18:35:55,-2.5744,150.7967,82.74,78,100,12.68
374,Vredendal,ZA,2022-05-05 18:35:55,-31.6683,18.5012,62.44,56,0,5.61
375,Tanout,NE,2022-05-05 18:35:56,14.9709,8.8879,94.87,11,73,11.27
376,Gorontalo,ID,2022-05-05 18:35:56,0.5412,123.0595,75.11,95,100,3.58
377,Clovis,US,2022-05-05 18:34:17,36.8252,-119.7029,87.84,29,75,6.91
378,Yulara,AU,2022-05-05 18:35:57,-25.2406,130.9889,44.44,57,0,5.75
379,Belyy Yar,RU,2022-05-05 18:35:57,53.6039,91.3903,39.09,48,43,2.24
380,Nattam,IN,2022-05-05 18:35:58,10.2333,78.2333,86.45,75,100,4.68
381,Ulundi,ZA,2022-05-05 18:35:58,-28.3352,31.4162,60.76,78,0,3.33
382,Cedar City,US,2022-05-05 18:35:59,37.6775,-113.0619,67.39,24,0,13.8
383,Aden,YE,2022-05-05 18:35:45,12.7794,45.0367,86.22,60,0,5.35
384,Belmonte,BR,2022-05-05 18:35:59,-15.8631,-38.8828,82.54,74,0,10.98
385,Charyshskoye,RU,2022-05-05 18:36:00,51.3978,83.5598,49.3,63,72,3.47
386,Herzberg,DE,2022-05-05 18:36:00,51.6869,13.2202,60.78,36,75,5.75
387,Hay River,CA,2022-05-05 18:34:55,60.8156,-115.7999,58.98,26,20,6.91
388,Sainte-Anne-Des-Monts,CA,2022-05-05 18:36:01,49.124,-66.4924,40.87,60,100,21.85
389,Pangai,TO,2022-05-05 18:36:01,-19.8,-174.35,71.71,94,20,0.0
390,Egvekinot,RU,2022-05-05 18:36:02,66.3167,-179.1667,13.96,83,75,0.36
391,Rawson,AR,2022-05-05 18:36:02,-43.3002,-65.1023,66.38,38,83,8.68
392,Luganville,VU,2022-05-05 18:36:02,-15.5333,167.1667,78.03,85,8,4.03
393,Mehamn,NO,2022-05-05 18:36:03,71.0357,27.8492,33.51,77,100,12.1
394,Champerico,GT,2022-05-05 18:36:03,14.3,-91.9167,88.34,64,100,9.35
395,Nuuk,GL,2022-05-05 18:36:04,64.1835,-51.7216,34.41,55,40,5.75
396,Solnechnyy,RU,2022-05-05 18:36:04,50.7214,136.6319,39.67,96,100,2.82
397,Dongsheng,CN,2022-05-05 18:36:05,39.8161,109.9776,49.08,38,26,19.15
398,Belgrade,RS,2022-05-05 18:33:09,44.804,20.4651,71.26,46,0,10.36
399,Bathsheba,BB,2022-05-05 18:36:05,13.2167,-59.5167,84.81,70,40,20.71
400,Samarai,PG,2022-05-05 18:36:06,-10.6167,150.6667,81.77,79,79,5.66
401,Koslan,RU,2022-05-05 18:36:07,63.4564,48.8989,26.53,86,95,4.12
402,Charters Towers,AU,2022-05-05 18:36:07,-20.1,146.2667,70.7,78,1,5.01
403,Santa Marta,CO,2022-05-05 18:32:25,11.2408,-74.199,93.25,55,75,6.91
404,Rock Sound,BS,2022-05-05 18:36:08,24.9,-76.2,77.86,74,0,5.64
405,Stavern,NO,2022-05-05 18:36:08,59.0,10.0333,59.72,40,11,9.04
406,Shieli,KZ,2022-05-05 18:36:09,44.1667,66.75,75.94,37,87,6.4
407,Serebryansk,KZ,2022-05-05 18:36:09,49.6925,83.2892,52.86,57,100,1.07
408,Kande,TG,2022-05-05 18:36:10,9.9578,1.0447,86.34,76,100,10.22
409,Aviles,ES,2022-05-05 18:36:10,43.5547,-5.9248,61.77,73,20,6.91
410,Udachnyy,RU,2022-05-05 18:34:00,66.4167,112.4,32.45,86,100,5.86
411,Luwuk,ID,2022-05-05 18:37:11,-0.9516,122.7875,79.7,84,100,1.3
412,Ilulissat,GL,2022-05-05 18:37:11,69.2167,-51.1,24.82,54,0,10.36
413,Verkhnyaya Inta,RU,2022-05-05 18:37:12,65.9811,60.3094,25.57,92,100,8.21
414,Solwezi,ZM,2022-05-05 18:37:12,-12.1688,26.3894,64.45,74,81,3.74
415,Kasane,BW,2022-05-05 18:37:13,-17.8167,25.15,60.89,77,0,3.44
416,Tsuyama,JP,2022-05-05 18:37:13,35.05,134.0,52.83,98,100,2.62
417,Saint-Pierre,RE,2022-05-05 18:37:14,-21.3393,55.4781,76.68,78,0,27.63
418,Bara,NG,2022-05-05 18:34:20,10.3744,10.7288,92.62,37,100,10.11
419,Gizo,SB,2022-05-05 18:37:14,-8.103,156.8419,82.26,74,90,5.19
420,Makueni,KE,2022-05-05 18:37:15,-1.8041,37.6203,67.33,81,99,3.13
421,Naze,JP,2022-05-05 18:37:15,28.3667,129.4833,67.12,89,100,10.16
422,Fairview,US,2022-05-05 18:37:16,40.8126,-73.999,74.88,40,0,8.05
423,Menemen,TR,2022-05-05 18:37:16,38.6075,27.0694,64.18,55,0,4.61
424,Urumqi,CN,2022-05-05 18:37:17,43.801,87.6005,67.15,56,0,13.42
425,Nikki,BJ,2022-05-05 18:37:17,9.9401,3.2108,87.49,48,100,9.08
426,Neuquen,AR,2022-05-05 18:37:18,-38.9516,-68.0591,69.69,35,0,8.05
427,Gimli,CA,2022-05-05 18:37:18,50.6336,-96.9907,46.42,71,17,16.11
428,Senekal,ZA,2022-05-05 18:37:19,-28.3197,27.6208,56.32,44,0,2.64
429,Tay Ninh,VN,2022-05-05 18:37:21,11.3,106.1,79.57,87,100,3.56
430,Kazanskaya,RU,2022-05-05 18:37:22,45.4106,40.4361,49.19,97,100,9.6
431,Bambanglipuro,ID,2022-05-05 18:37:22,-7.95,110.2833,76.44,92,10,3.42
432,Olafsvik,IS,2022-05-05 18:37:23,64.8945,-23.7142,37.36,81,100,7.72
433,Kabanjahe,ID,2022-05-05 18:37:23,3.1001,98.4908,64.98,97,100,4.16
434,Arlit,NE,2022-05-05 18:37:24,18.7369,7.3853,97.72,10,91,8.48
435,Show Low,US,2022-05-05 18:32:38,34.2542,-110.0298,69.08,17,0,5.75
436,Melo,UY,2022-05-05 18:37:24,-32.3667,-54.1833,66.04,66,47,4.65
437,Punjai Puliyampatti,IN,2022-05-05 18:37:25,11.35,77.2,81.64,78,100,8.12
438,Daru,PG,2022-05-05 18:37:25,-9.0763,143.2092,78.22,89,99,11.21
439,Oranjestad,AW,2022-05-05 18:33:08,12.524,-70.027,87.75,62,75,20.71
440,Darovskoy,RU,2022-05-05 18:37:26,58.77,47.9564,30.65,66,12,5.68
441,Sisimiut,GL,2022-05-05 18:37:26,66.9395,-53.6735,29.86,58,4,4.92
442,Tateyama,JP,2022-05-05 18:37:27,34.9833,139.8667,59.09,82,100,9.33
443,Praya,CV,2022-05-05 18:37:27,14.9215,-23.5087,79.34,50,0,17.27
444,Fujin,CN,2022-05-05 18:37:27,47.26,132.0322,61.11,75,100,11.81
445,Kudahuvadhoo,MV,2022-05-05 18:37:28,2.6708,72.8944,82.36,76,100,12.28
446,Dayong,CN,2022-05-05 18:37:28,25.0209,118.2898,68.63,80,100,0.85
447,Sulphur,US,2022-05-05 18:34:43,30.2366,-93.3774,84.18,72,100,24.16
448,Puro,PH,2022-05-05 18:37:29,12.4841,123.3827,80.76,82,40,10.22
449,Sarai Naurang,PK,2022-05-05 18:37:29,32.8259,70.7814,82.0,35,10,9.22
450,Uarini,BR,2022-05-05 18:37:30,-2.99,-65.1083,84.24,72,77,1.86
451,Taltal,CL,2022-05-05 18:37:30,-25.4,-70.4833,66.09,74,100,6.4
452,Havre-Saint-Pierre,CA,2022-05-05 18:37:31,50.2334,-63.5986,37.4,62,98,17.05
453,Kasongo-Lunda,CD,2022-05-05 18:37:31,-6.4667,16.8167,75.6,75,73,1.92
454,Contai,IN,2022-05-05 18:37:32,21.7786,87.7536,82.02,80,3,8.88
455,Alice Town,BS,2022-05-05 18:37:32,25.7167,-79.3,79.2,69,1,2.77
456,Leningradskiy,RU,2022-05-05 18:38:33,69.3833,178.4167,11.89,95,60,4.45
457,Prince Albert,CA,2022-05-05 18:34:34,53.2001,-105.7677,64.35,42,75,3.44
458,Tuy Hoa,VN,2022-05-05 18:38:33,13.0833,109.3,75.97,93,100,4.16
459,Namie,JP,2022-05-05 18:38:34,37.4833,141.0,53.55,80,0,3.02
460,Petatlan,MX,2022-05-05 18:38:34,17.5167,-101.2667,84.0,38,19,7.45
461,Wawa,NG,2022-05-05 18:38:35,9.9022,4.4192,91.78,39,100,2.42
462,Bontang,ID,2022-05-05 18:38:35,0.1333,117.5,78.46,86,89,2.08
463,Araguacu,BR,2022-05-05 18:38:35,-12.9306,-49.8264,89.44,47,89,2.62
464,Guarapari,BR,2022-05-05 18:38:36,-20.6667,-40.4975,78.89,74,3,1.57
465,Kailua,US,2022-05-05 18:38:36,21.4022,-157.7394,75.15,83,100,3.0
466,Dingli,MT,2022-05-05 18:38:37,35.8614,14.3822,63.81,77,0,28.77
467,Taoudenni,ML,2022-05-05 18:38:37,22.6783,-3.9836,95.52,10,16,7.47
468,Marawi,PH,2022-05-05 18:38:38,7.9986,124.2928,69.13,94,36,1.72
469,Usinsk,RU,2022-05-05 18:38:38,65.9939,57.5281,25.99,79,100,12.68
470,Providencia,MX,2022-05-05 18:38:39,28.7167,-111.5833,91.2,31,0,7.0
471,Ust-Ishim,RU,2022-05-05 18:38:39,57.6935,71.1665,50.31,55,100,5.68
472,Aklavik,CA,2022-05-05 18:33:58,68.2191,-135.0107,26.6,74,100,10.36
473,Trairi,BR,2022-05-05 18:38:40,-3.2778,-39.2689,80.55,82,91,10.98
474,Bairiki,KI,2022-05-05 18:38:40,1.3292,172.9752,78.8,89,40,12.66
475,Bezhetsk,RU,2022-05-05 18:38:41,57.7851,36.6965,37.54,62,79,5.73
476,Pagudpud,PH,2022-05-05 18:38:41,18.5616,120.7868,79.54,84,91,2.98
477,Talcahuano,CL,2022-05-05 18:38:41,-36.7167,-73.1167,53.28,100,100,0.0
478,Ornskoldsvik,SE,2022-05-05 18:35:32,63.2909,18.7153,49.15,61,100,5.75
479,Santa Quiteria,BR,2022-05-05 18:38:42,-4.3319,-40.1567,82.81,73,70,4.68
480,Iskateley,RU,2022-05-05 18:38:42,67.6803,53.1512,15.06,87,99,8.48
481,Ca Mau,VN,2022-05-05 18:38:43,9.1769,105.15,79.54,87,77,5.39
482,Mizdah,LY,2022-05-05 18:38:43,31.4451,12.9801,85.91,13,100,12.17
483,Saint Anthony,US,2022-05-05 18:36:41,45.0205,-93.218,65.25,46,75,6.91
484,Quelimane,MZ,2022-05-05 18:38:44,-17.8786,36.8883,75.15,88,40,3.44
485,Long,TH,2022-05-05 18:38:44,18.0761,99.8326,85.3,66,27,1.07
486,Lagoa,PT,2022-05-05 18:38:44,39.05,-27.9833,61.99,85,100,27.07
487,Pierre,US,2022-05-05 18:38:45,44.3683,-100.351,58.86,55,75,11.01
488,Beni Mazar,EG,2022-05-05 18:38:45,28.4962,30.8029,71.1,32,0,21.07
489,Tucurui,BR,2022-05-05 18:38:46,-3.7661,-49.6725,85.46,71,57,2.57
490,Korop,UA,2022-05-05 18:38:46,51.5664,32.9586,42.4,66,20,5.32
491,Rwamagana,RW,2022-05-05 18:38:47,-1.9487,30.4347,65.64,96,43,2.21
492,Hasaki,JP,2022-05-05 18:38:47,35.7333,140.8333,59.4,80,100,9.91
493,Katsina,NG,2022-05-05 18:38:47,12.9894,7.6006,95.18,16,72,10.2
494,Lahij,YE,2022-05-05 18:38:48,13.1667,44.5833,84.18,39,5,4.47
495,Bjornevatn,NO,2022-05-05 18:38:48,69.6672,29.9847,37.74,65,75,13.8
496,La Libertad,EC,2022-05-05 18:38:49,-2.2333,-80.9,78.46,78,0,6.91
497,Artyom,AZ,2022-05-05 18:38:49,40.4723,50.333,59.14,81,12,18.48
498,Grand Gaube,MU,2022-05-05 18:38:50,-20.0064,57.6608,77.4,82,11,5.99
499,Chifeng,CN,2022-05-05 18:38:50,42.2683,118.9636,49.05,42,100,19.39
500,Imphal,IN,2022-05-05 18:35:19,24.8167,93.95,65.26,90,42,2.21
501,Maniitsoq,GL,2022-05-05 18:38:51,65.4167,-52.9,29.37,65,2,4.18
502,Ferme-Neuve,CA,2022-05-05 18:38:51,46.7001,-75.4493,57.09,31,100,10.63
503,Hualmay,PE,2022-05-05 18:38:51,-11.0964,-77.6139,70.63,73,19,9.69
504,Mamlyutka,KZ,2022-05-05 18:39:52,54.9375,68.5394,54.43,43,100,8.59
505,Kangalassy,RU,2022-05-05 18:39:52,62.3464,129.9628,33.73,82,94,11.12
506,Smolyaninovo,RU,2022-05-05 18:39:53,43.2956,132.4675,44.06,88,94,2.95
507,Bay Roberts,CA,2022-05-05 18:39:53,47.5999,-53.2648,47.95,81,100,7.0
508,Camacha,PT,2022-05-05 18:39:55,33.0833,-16.3333,62.02,72,40,14.97
509,Portland,US,2022-05-05 18:38:11,45.5234,-122.6762,51.04,90,100,9.22
510,Iberia,US,2022-05-05 18:39:55,29.9502,-91.7507,85.05,65,75,21.85
511,Cuiluan,CN,2022-05-05 18:39:56,47.72,128.648,47.01,97,100,3.74
512,Villa Guerrero,MX,2022-05-05 18:39:56,18.8667,-99.65,82.02,17,16,6.38
513,Venice,US,2022-05-05 18:39:57,27.0998,-82.4543,91.98,71,0,11.5
514,Chulumani,BO,2022-05-05 18:39:57,-16.4096,-67.5263,78.3,48,28,5.79
515,Beloha,MG,2022-05-05 18:39:58,-25.1667,45.05,71.15,77,4,8.88
516,Virginia Beach,US,2022-05-05 18:35:37,36.8529,-75.978,71.06,72,46,1.01
517,Abu Dhabi,AE,2022-05-05 18:38:41,24.4667,54.3667,84.31,70,0,2.3
518,Labuhan,ID,2022-05-05 18:39:58,-6.8844,112.2051,78.71,85,6,4.43
519,Denizli,TR,2022-05-05 18:39:59,37.8402,29.0698,56.91,53,2,6.44
520,Coshocton,US,2022-05-05 18:39:59,40.272,-81.8596,62.98,72,100,1.99
521,Dunmore East,IE,2022-05-05 18:39:59,52.1514,-6.9861,59.22,69,100,9.84
522,Funtua,NG,2022-05-05 18:40:00,11.5233,7.3081,89.65,26,69,3.11
523,Evensk,RU,2022-05-05 18:40:00,61.95,159.2333,30.29,96,100,11.65
524,Svetlogorsk,BY,2022-05-05 18:40:01,52.6333,29.7333,43.43,61,98,4.52
525,Imbituba,BR,2022-05-05 18:38:32,-28.24,-48.6703,70.86,65,0,15.68
526,Banamba,ML,2022-05-05 18:40:02,13.55,-7.45,98.65,12,8,5.77
527,Anzio,IT,2022-05-05 18:40:02,41.4853,12.6179,69.39,65,100,12.73
528,Kavaratti,IN,2022-05-05 18:40:03,10.5669,72.642,85.26,72,100,9.91
529,Salinopolis,BR,2022-05-05 18:40:03,-0.6136,-47.3561,80.82,85,94,5.64
530,Yuanping,CN,2022-05-05 18:40:04,38.7153,112.7575,63.84,28,77,8.32
531,Nkowakowa,ZA,2022-05-05 18:40:04,-23.8878,30.2871,64.69,64,5,1.88
532,Road Town,VG,2022-05-05 18:40:05,18.4167,-64.6167,82.49,69,40,10.36
533,Ontario,US,2022-05-05 18:37:37,34.0633,-117.6509,88.43,47,20,5.75
534,Gao,ML,2022-05-05 18:40:05,16.6362,1.637,96.22,7,78,9.51
535,Pahrump,US,2022-05-05 18:40:06,36.2083,-115.9839,88.25,11,13,10.0
536,Nadym,RU,2022-05-05 18:40:06,65.5333,72.5167,9.72,91,5,4.92
537,Talakan,RU,2022-05-05 18:40:07,50.3167,130.3667,41.79,88,96,5.06
538,Necochea,AR,2022-05-05 18:40:07,-38.5473,-58.7368,67.53,51,100,11.27
539,Primo Tapia,MX,2022-05-05 18:40:08,32.22,-116.9172,78.94,58,15,11.36
540,Puerto Wilches,CO,2022-05-05 18:40:08,7.3483,-73.896,84.76,68,100,2.73
541,Arman,RU,2022-05-05 18:40:09,59.7,150.1667,30.02,96,100,7.29
542,Cabatuan,PH,2022-05-05 18:40:09,10.8794,122.486,77.54,85,77,7.58
543,Askarovo,RU,2022-05-05 18:40:10,53.3372,58.5089,41.95,64,75,15.66
544,Nelson Bay,AU,2022-05-05 18:40:10,-32.7167,152.15,62.01,89,99,1.99
