City_ID,City,Country,Lat,Lng,Max Temp,Humidity,Cloudiness,Wind Speed,Current Description
0,Atuona,PF,-9.8,-139.0333,78.93,74,22,14.32,Clouds
1,Geraldton,AU,-28.7667,114.6,57.61,51,0,16.11,Clear
2,Arraial Do Cabo,BR,-22.9661,-42.0278,71.56,73,0,6.91,Clear
3,Jacareacanga,BR,-6.2222,-57.7528,75.27,95,56,2.84,Rain
4,Hobart,AU,-42.8794,147.3294,52.02,87,75,10.36,Clouds
5,Nikolskoye,RU,59.7035,30.7861,49.89,97,18,5.59,Clouds
6,Yulara,AU,-25.2406,130.9889,48.04,57,0,9.22,Clear
7,Tasiilaq,GL,65.6145,-37.6368,26.76,66,8,4.05,Clear
8,Kruisfontein,ZA,-34.0033,24.7314,59.81,83,96,11.14,Clouds
9,Upata,VE,8.0086,-62.3989,75.2,88,90,6.29,Clouds
10,Qaanaaq,GL,77.484,-69.3632,17.13,85,100,5.86,Clouds
11,Kapaa,US,22.0752,-159.319,82.38,80,40,16.11,Clouds
12,Corinto,GR,37.9407,22.9573,59.9,71,86,3.87,Clouds
13,Merauke,ID,-8.4667,140.3333,79.56,87,59,12.95,Clouds
14,Rikitea,PF,-23.1203,-134.9692,77.43,85,87,14.85,Rain
15,Bluff,NZ,-46.6,168.3333,57.79,81,99,9.69,Clouds
16,Busselton,AU,-33.65,115.3333,55.36,61,0,7.74,Clear
17,Yellowknife,CA,62.456,-114.3525,54.12,50,75,21.85,Clouds
18,Mahibadhoo,MV,3.7833,72.9667,84.18,75,49,12.01,Clouds
19,Tuktoyaktuk,CA,69.4541,-133.0374,30.2,86,100,8.05,Snow
20,Necochea,AR,-38.5473,-58.7368,57.09,75,23,5.03,Clouds
21,Puerto Ayora,EC,-0.7393,-90.3518,74.73,85,99,9.22,Clouds
22,San Patricio,US,28.017,-97.5169,93.92,57,1,17.27,Clear
23,Portland,US,45.5234,-122.6762,60.84,85,75,8.05,Rain
24,Yantal,RU,56.8471,105.2542,41.58,60,63,5.01,Clouds
25,Belaya Gora,RU,68.5333,146.4167,27.93,92,95,1.32,Clouds
26,Khatanga,RU,71.9667,102.5,11.95,89,100,19.24,Clouds
27,Bambous Virieux,MU,-20.3428,57.7575,75.45,64,20,9.22,Clouds
28,Pangnirtung,CA,66.1451,-65.7125,13.93,98,97,1.54,Clouds
29,Perry,US,37.2506,-83.1999,61.52,94,98,4.59,Rain
30,Cape Town,ZA,-33.9258,18.4232,57.61,89,75,17.27,Clouds
31,Fort Frances,CA,48.5999,-93.4003,73.17,27,0,12.66,Clear
32,Ushuaia,AR,-54.8,-68.3,44.26,61,40,14.97,Clouds
33,Mataura,NZ,-46.1927,168.8643,57.47,71,98,3.53,Clouds
34,Kenai,US,60.5544,-151.2583,56.03,57,40,11.5,Clouds
35,Soria,ES,41.6667,-2.6667,46.85,94,0,3.62,Clear
36,Bethel,US,41.3712,-73.414,54.91,90,100,5.26,Rain
37,Isangel,VU,-19.55,169.2667,78.6,69,58,16.44,Clouds
38,Tokur,RU,53.1333,132.9,31.19,94,100,0.56,Snow
39,Charters Towers,AU,-20.1,146.2667,76.03,72,26,7.96,Clouds
40,Hilo,US,19.7297,-155.09,82.27,88,100,8.05,Rain
41,East London,ZA,-33.0153,27.9116,67.73,77,96,12.75,Clouds
42,Tiksi,RU,71.6872,128.8694,18.7,86,98,22.17,Clouds
43,Sinegorye,RU,62.0788,150.477,26.69,86,72,4.92,Clouds
44,Juneau,US,58.3019,-134.4197,46.98,91,75,10.36,Rain
45,Sangar,RU,63.9242,127.4739,28.67,88,76,1.28,Clouds
46,Ponta Do Sol,PT,32.6667,-17.1,68.63,58,60,4.27,Clouds
47,Port Alfred,ZA,-33.5906,26.891,64.18,85,92,1.99,Clouds
48,Esmeraldas,BR,-19.7625,-44.3139,72.46,75,62,5.1,Clouds
49,Albany,US,42.6001,-73.9662,58.93,66,100,2.98,Clouds
50,Grindavik,IS,63.8424,-22.4338,39.67,87,75,9.22,Clouds
51,Nhulunbuy,AU,-12.2333,136.7667,84.81,65,40,16.11,Clouds
52,Souillac,MU,-20.5167,57.5167,75.58,64,20,9.22,Clouds
53,New Norfolk,AU,-42.7826,147.0587,51.66,76,100,5.01,Rain
54,Klaksvik,FO,62.2266,-6.589,34.72,62,66,9.89,Clouds
55,Rapid Valley,US,44.0625,-103.1463,74.71,47,75,11.5,Clouds
56,Saint Anthony,US,45.0205,-93.218,71.96,24,0,11.5,Clear
57,Tazovskiy,RU,67.4667,78.7,7.88,100,90,9.17,Clouds
58,Port Macquarie,AU,-31.4333,152.9167,62.89,74,79,4.92,Clouds
59,Kodiak,US,57.79,-152.4072,45.91,71,100,10.36,Clouds
60,Itoman,JP,26.1247,127.6694,77.02,88,75,12.66,Clouds
61,Castro,BR,-24.7911,-50.0119,54.7,91,7,3.15,Clear
62,Poya,NC,-21.35,165.15,78.4,64,0,5.68,Clear
63,Saldanha,ZA,-33.0117,17.9442,53.65,84,55,18.77,Clouds
64,Pisco,PE,-13.7,-76.2167,68.05,77,0,12.66,Clear
65,Miyako,JP,39.6367,141.9525,62.1,58,0,12.28,Clear
66,Bandarbeyla,SO,9.4942,50.8122,81.0,90,40,8.12,Clouds
67,Inta,RU,66.0317,60.1659,21.94,83,48,7.76,Clouds
68,Broome,US,42.2506,-75.833,56.17,79,100,6.91,Clouds
69,Hithadhoo,MV,-0.6,73.0833,83.39,76,82,15.37,Clouds
70,Punta Arenas,CL,-53.15,-70.9167,44.71,81,100,10.36,Rain
71,Ponta Delgada,PT,37.7333,-25.6667,68.5,94,75,12.66,Clouds
72,Severo-Kurilsk,RU,50.6789,156.125,42.48,85,78,8.03,Clouds
73,Novaya Zaimka,RU,56.4857,66.9241,32.05,71,1,9.98,Clear
74,Kuandian,CN,40.7286,124.7847,50.11,41,1,6.82,Clear
75,Kavaratti,IN,10.5669,72.642,84.99,68,95,11.72,Clouds
76,Nenjiang,CN,49.1833,125.2167,44.65,33,71,10.49,Clouds
77,Vaini,TO,-21.2,-175.2,78.96,78,40,10.36,Clouds
78,Gamba,GA,-2.65,10.0,77.49,92,100,6.22,Rain
79,Camacha,PT,33.0833,-16.3333,60.22,77,20,3.44,Clouds
80,Zhirnov,RU,48.1709,41.1261,41.59,52,65,9.8,Clouds
81,Ancud,CL,-41.8697,-73.8203,52.18,91,100,9.93,Clouds
82,Barrow,US,71.2906,-156.7887,21.22,86,100,11.5,Clouds
83,Esperance,AU,-33.8667,121.9,53.33,81,0,12.03,Clear
84,Torbay,CA,47.6666,-52.7314,36.75,92,100,12.66,Snow
85,Martapura,ID,-3.4167,114.85,77.09,100,61,4.61,Clouds
86,Hami,CN,42.8,93.45,68.34,41,100,9.37,Clouds
87,Kavieng,PG,-2.5744,150.7967,84.88,71,80,14.47,Clouds
88,Hermanus,ZA,-34.4187,19.2345,54.81,86,100,9.31,Rain
89,Mar Del Plata,AR,-38.0023,-57.5575,59.88,93,42,1.99,Fog
90,Tuusula,FI,60.4037,25.0264,45.75,83,20,6.91,Clouds
91,Teguise,ES,29.0605,-13.564,62.82,82,20,11.5,Clouds
92,Kahului,US,20.8947,-156.47,84.22,65,40,26.46,Clouds
93,Avarua,CK,-21.2078,-159.775,84.25,74,5,6.91,Clear
94,Nemuro,JP,43.3236,145.575,45.91,92,51,16.75,Clouds
95,Meulaboh,ID,4.1363,96.1285,76.51,88,100,4.09,Rain
96,Vanavara,RU,60.34,102.2797,37.26,80,45,2.77,Clouds
97,Mahebourg,MU,-20.4081,57.7,75.49,64,20,9.22,Clouds
98,Guerrero Negro,MX,27.9769,-114.0611,69.21,62,3,18.57,Clear
99,Namibe,AO,-15.1961,12.1522,74.75,68,0,3.09,Clear
100,Quatre Cocos,MU,-20.2078,57.7625,75.31,70,94,14.9,Clouds
101,Airai,TL,-8.9266,125.4092,63.59,85,17,3.8,Clouds
102,Bredasdorp,ZA,-34.5322,20.0403,56.16,90,100,2.82,Rain
103,Alekseyevsk,RU,57.8406,108.3492,38.77,64,91,3.22,Clouds
104,Burnie,AU,-41.0667,145.9167,49.95,89,77,14.99,Rain
105,Cugir,RO,45.8333,23.3667,52.18,79,99,4.59,Clouds
106,Nome,US,64.5011,-165.4064,36.16,86,100,12.66,Clouds
107,Malanje,AO,-9.5402,16.341,65.48,82,87,1.34,Clouds
108,Boone,US,39.0334,-92.3335,67.39,59,100,10.54,Clouds
109,Roebourne,AU,-20.7833,117.1333,74.5,47,4,18.9,Clear
110,Kapit,MY,2.0167,112.9333,75.11,100,100,0.94,Clouds
111,Cabedelo,BR,-6.9811,-34.8339,77.67,84,27,12.93,Rain
112,Port Elizabeth,ZA,-33.918,25.5701,62.31,85,0,8.01,Clear
113,Nara,JP,34.6851,135.8049,68.97,52,7,3.27,Clear
114,Fukue,JP,32.6881,128.8419,68.36,94,75,2.3,Clouds
115,Qarchi Gak,AF,37.04,66.7889,77.38,39,7,11.83,Clear
116,Tongren,CN,27.7172,109.1853,67.19,90,91,0.85,Clouds
117,Salaga,GH,8.5508,-0.5188,78.87,75,100,6.17,Clouds
118,Tuatapere,NZ,-46.1333,167.6833,59.9,81,100,6.93,Clouds
119,Saint George,US,37.1041,-113.5841,92.79,10,0,11.5,Clear
120,Talnakh,RU,69.4865,88.3972,7.45,95,99,2.55,Clouds
121,Qarqin,AF,37.4185,66.0436,80.96,32,7,11.63,Clear
122,Zapolyarnyy,RU,69.4154,30.8136,38.48,98,100,15.05,Clouds
123,Xingyi,CN,24.1877,102.817,55.56,90,23,1.79,Clouds
124,Praia,CV,14.9215,-23.5087,72.14,78,0,11.5,Clear
125,Bourail,NC,-21.5667,165.4833,77.47,63,0,5.39,Clear
126,Novyy Svit,UA,47.8059,38.0211,43.12,52,75,9.78,Clouds
127,Hamilton,US,39.1834,-84.5333,64.24,94,100,10.36,Thunderstorm
128,Haines Junction,CA,60.7522,-137.5108,49.95,27,87,8.05,Clouds
129,Mogadishu,SO,2.0371,45.3438,81.59,80,39,14.32,Clouds
130,Dingle,PH,10.9995,122.6711,81.36,82,30,8.86,Clouds
131,Matadi,CD,-5.8167,13.45,75.56,97,94,3.27,Rain
132,Provideniya,RU,64.3833,-173.3,34.23,70,12,7.43,Clouds
133,Kandrian,PG,-6.2167,149.55,83.73,78,57,5.55,Clouds
134,Aklavik,CA,68.2191,-135.0107,33.8,64,75,0.0,Clouds
135,Shahr-E Kord,IR,32.3256,50.8644,38.97,87,40,2.3,Clouds
136,Victoria,HK,22.2855,114.1577,77.38,83,100,8.16,Rain
137,Cockburn Town,TC,21.4612,-71.1419,78.76,73,40,11.5,Clouds
138,Batagay-Alyta,RU,67.8006,130.4114,21.81,70,58,5.41,Clouds
139,Dodge City,US,37.7528,-100.0171,83.93,29,0,12.66,Clear
140,Cherskiy,RU,68.75,161.3,32.74,100,100,4.74,Clouds
141,Kutum,SD,14.2,24.6667,75.2,16,65,10.4,Clouds
142,Yaan,NG,7.3833,8.5667,76.66,80,89,4.61,Clouds
143,Baft,IR,29.234,56.6057,57.69,35,35,2.62,Clouds
144,Saskylakh,RU,71.9167,114.0833,15.91,87,85,19.93,Clouds
145,Kaitangata,NZ,-46.2817,169.8464,59.5,69,87,4.12,Clouds
146,Swan Hill,AU,-35.3378,143.5544,51.62,67,29,10.56,Clouds
147,Makakilo City,US,21.3469,-158.0858,77.32,67,100,18.41,Clouds
148,Lagoa,PT,39.05,-27.9833,60.3,72,5,5.03,Clear
149,Kunfeherto,HU,46.3609,19.4145,57.49,67,97,7.29,Clouds
150,Gushikawa,JP,26.3544,127.8686,76.23,94,75,14.97,Clouds
151,Homer,US,59.6425,-151.5483,49.89,60,0,12.66,Clear
152,Kuznetsk,RU,53.1167,46.6004,35.26,60,1,2.26,Clear
153,Rio Gallegos,AR,-51.6226,-69.2181,48.25,71,75,18.41,Rain
154,Upernavik,GL,72.7868,-56.1549,10.04,84,1,6.15,Clear
155,Husavik,IS,66.0449,-17.3389,33.12,74,64,8.08,Clouds
156,Beyneu,KZ,45.3167,55.2,59.36,54,62,20.74,Rain
157,Chokurdakh,RU,70.6333,147.9167,22.75,90,100,3.83,Clouds
158,Jamestown,US,42.097,-79.2353,55.51,82,100,13.8,Clouds
159,Banfora,BF,10.6333,-4.7667,88.07,40,81,4.7,Clouds
160,Fortuna,US,40.5982,-124.1573,61.72,81,100,6.91,Rain
161,Cayenne,GF,4.9333,-52.3333,78.1,1,75,2.3,Clouds
162,Touros,BR,-5.1989,-35.4608,77.74,90,72,11.74,Clouds
163,Hobyo,SO,5.3505,48.5268,82.2,84,28,19.17,Clouds
164,Hasaki,JP,35.7333,140.8333,66.6,81,99,12.3,Clouds
165,Constitucion,CL,-35.3333,-72.4167,55.87,79,1,12.06,Clear
166,Abu Samrah,SY,35.3029,37.1841,55.98,67,95,13.02,Clouds
167,Ibra,OM,22.6906,58.5334,74.88,67,0,1.14,Clear
168,Maltahohe,NA,-24.8333,16.9833,55.87,43,0,10.02,Clear
169,Presidente Epitacio,BR,-21.7633,-52.1156,66.67,71,0,8.97,Clear
170,Luderitz,NA,-26.6481,15.1594,56.86,86,2,13.24,Clear
171,Gazli,UZ,40.1333,63.45,79.66,29,62,9.42,Clouds
172,Taoudenni,ML,22.6783,-3.9836,88.84,12,2,11.36,Clear
173,Saint-Philippe,RE,-21.3585,55.7679,71.19,81,47,15.01,Rain
174,Vardo,NO,70.3705,31.1107,39.16,94,99,13.58,Clouds
175,San Cristobal,VE,7.7669,-72.225,68.18,97,86,3.15,Clouds
176,Jishou,CN,28.3167,109.7167,68.68,91,90,0.87,Clouds
177,Nicoya,CR,10.1483,-85.452,82.87,71,85,1.14,Clouds
178,Igarka,RU,67.4667,86.5833,19.18,86,100,14.41,Clouds
179,Novo Aripuana,BR,-5.1206,-60.3797,75.34,96,98,2.13,Clouds
180,Mehamn,NO,71.0357,27.8492,38.55,85,100,7.61,Rain
181,Cidreira,BR,-30.1811,-50.2056,63.1,67,60,1.9,Clouds
182,Kousseri,CM,12.0769,15.0306,95.34,23,53,4.0,Clouds
183,Kyra,RU,49.5776,111.9753,39.16,38,95,5.14,Clouds
184,Devgarh,IN,25.5333,73.9,81.64,24,60,10.02,Clouds
185,Jalu,LY,29.0331,21.5482,75.47,22,98,15.93,Clouds
186,Glenwood Springs,US,39.5505,-107.3248,76.12,34,0,13.8,Clear
187,Igmaya-An,PH,10.5499,123.2206,74.41,87,15,6.08,Clouds
188,Carnarvon,AU,-24.8667,113.6333,57.27,67,40,8.05,Clouds
189,Opuwo,NA,-18.0607,13.84,61.74,41,0,2.95,Clear
190,Ayr,GB,55.4627,-4.6339,51.78,87,40,9.22,Clouds
191,Simoes,BR,-7.5989,-40.8178,77.25,40,6,6.11,Clear
192,Padang,ID,-0.9492,100.3543,76.41,92,100,3.76,Rain
193,Mitsamiouli,KM,-11.3847,43.2844,80.33,73,11,7.83,Clouds
194,Beringovskiy,RU,63.05,179.3167,32.38,88,100,5.7,Clouds
195,Gejiu,CN,23.306,103.1635,52.38,94,94,1.52,Clouds
196,Chuy,UY,-33.6971,-53.4616,58.24,83,0,0.85,Clear
197,Port Lincoln,AU,-34.7333,135.8667,54.43,67,25,7.45,Clouds
198,Buenos Aires,AR,-34.6132,-58.3772,67.73,87,0,2.3,Clear
199,Muroto,JP,33.2833,134.15,65.55,75,2,4.59,Clear
200,Salalah,OM,17.0151,54.0924,82.49,83,20,2.3,Clouds
201,Kashin,RU,57.3592,37.6081,45.66,73,66,6.31,Clouds
202,Lochmaben,GB,55.1301,-3.4429,44.65,92,5,5.73,Clear
203,Vestmannaeyjar,IS,63.4427,-20.2734,41.23,64,60,14.41,Clouds
204,Khorinsk,RU,52.1657,109.7726,41.79,26,96,1.99,Clouds
205,San Policarpo,PH,12.1791,125.5072,82.2,81,25,12.48,Clouds
206,Mareeba,AU,-17.0,145.4333,77.43,82,93,3.98,Clouds
207,Inverell,AU,-29.7833,151.1167,56.66,73,80,1.63,Clouds
208,Goderich,CA,43.7501,-81.7165,62.92,39,84,13.8,Clouds
209,Coihaique,CL,-45.5752,-72.0662,50.61,76,75,8.05,Clouds
210,Bom Despacho,BR,-19.7364,-45.2522,70.14,61,55,5.5,Clouds
211,Faanui,PF,-16.4833,-151.75,81.59,73,2,4.23,Clear
212,La Tuque,CA,47.4334,-72.7824,48.45,25,30,8.05,Clouds
213,Staroutkinsk,RU,57.2302,59.3348,26.96,92,25,3.69,Clouds
214,Bismarck,US,46.8083,-100.7837,75.65,45,0,19.57,Clear
215,Dvorichna,UA,49.8496,37.6857,41.63,64,1,6.06,Clear
216,Mwene-Ditu,CD,-7.0,23.45,68.54,85,97,2.8,Rain
217,Butaritari,KI,3.0707,172.7902,81.75,72,98,11.88,Clouds
218,Fairbanks,US,64.8378,-147.7164,53.94,60,100,18.41,Clouds
219,San Andres,CO,12.5847,-81.7006,82.42,89,40,6.91,Clouds
220,Norman Wells,CA,65.282,-126.8329,42.84,52,100,5.75,Clouds
221,Taga,RO,46.95,24.05,50.32,82,83,2.82,Clouds
222,Bushehr,IR,28.9684,50.8385,87.89,29,40,11.5,Clouds
223,Lorengau,PG,-2.0226,147.2712,84.92,74,87,10.07,Clouds
224,Kloulklubed,PW,7.0419,134.2556,79.3,79,82,16.49,Clouds
225,Marsa Matruh,EG,31.3525,27.2453,64.6,72,0,10.36,Clear
226,Henties Bay,NA,-22.116,14.2845,59.27,88,0,11.9,Clear
227,Pietarsaari,FI,63.65,22.6833,46.99,73,75,1.99,Clouds
228,Xai-Xai,MZ,-25.0519,33.6442,66.13,91,0,2.64,Clear
229,Dingli,MT,35.8614,14.3822,60.82,88,20,5.75,Clouds
230,Ribeira Grande,PT,38.5167,-28.7,61.54,65,38,4.59,Clouds
231,La Asuncion,VE,11.0333,-63.8628,78.28,84,100,12.77,Clouds
232,Hayvoron,UA,48.3396,29.8679,46.8,64,68,6.69,Clouds
233,Amapa,BR,1.0,-52.0,73.36,98,100,3.74,Clouds
234,Gao,ML,16.6362,1.637,94.42,15,100,16.71,Clouds
235,Montego Bay,JM,18.4712,-77.9188,83.79,74,20,6.91,Clouds
236,Paamiut,GL,61.994,-49.6678,31.59,97,86,2.08,Clouds
237,Cervo,ES,43.6702,-7.4101,56.97,91,85,12.46,Clouds
238,Lata,PT,40.1629,-8.3327,58.08,75,42,2.73,Clouds
239,Longyearbyen,SJ,78.2186,15.6401,22.84,68,40,2.3,Clouds
240,Najran,SA,17.4924,44.1277,75.85,39,41,3.44,Clouds
241,Yokadouma,CM,3.5167,15.05,74.21,83,100,0.54,Rain
242,Arman,RU,59.7,150.1667,34.02,96,100,9.82,Snow
243,Snihurivka,UA,47.0758,32.8052,45.36,75,32,4.27,Clouds
244,Dikson,RU,73.5069,80.5464,19.38,94,100,13.78,Snow
245,Itau De Minas,BR,-20.7394,-46.7522,62.8,73,0,4.29,Clear
246,Tual,ID,-5.6667,132.75,85.17,71,100,20.4,Clouds
247,Zwedru,LR,6.0667,-8.1281,75.72,95,98,2.98,Rain
248,Sao Filipe,CV,14.8961,-24.4956,73.63,79,1,10.51,Clear
249,Shellbrook,CA,53.2168,-106.4011,60.03,48,54,21.21,Clouds
250,Port Blair,IN,11.6667,92.75,81.36,83,99,12.08,Clouds
251,Pacific Grove,US,36.6177,-121.9166,71.89,79,20,9.22,Clouds
252,Moron,AR,-34.6534,-58.6198,67.75,89,0,4.23,Clear
253,Deputatskiy,RU,69.3,139.9,21.69,91,100,3.87,Clouds
254,Gizo,SB,-8.103,156.8419,84.29,72,93,6.6,Clouds
255,Jumla,NP,29.2747,82.1838,50.36,90,26,2.66,Clouds
256,Plettenberg Bay,ZA,-34.0527,23.3716,59.95,87,90,6.24,Rain
257,Labuhan,ID,-6.8844,112.2051,78.57,89,67,5.32,Clouds
258,Saint-Ambroise,CA,48.5501,-71.3324,44.89,40,87,8.14,Clouds
259,Tommot,RU,58.9564,126.2925,33.24,84,67,6.51,Clouds
260,Nador,MA,35.174,-2.9287,62.85,77,0,2.3,Clear
261,Oderzo,IT,45.7882,12.5019,59.34,92,100,3.22,Clouds
262,Dinan,FR,48.4167,-2.25,51.75,86,100,5.77,Clouds
263,Penon Blanco,MX,24.7897,-104.0369,89.8,9,0,9.75,Clear
264,Nanortalik,GL,60.1432,-45.2371,33.98,99,100,4.05,Snow
265,Codrington,AU,-38.2667,141.9667,52.59,89,80,10.65,Rain
266,Cap Malheureux,MU,-19.9842,57.6142,77.88,69,71,19.71,Clouds
267,Dubrovnik,HR,42.6481,18.0922,60.44,72,100,20.71,Clouds
268,Mayo,US,38.8876,-76.5119,59.67,94,100,10.36,Rain
269,Champerico,GT,14.3,-91.9167,91.94,67,51,8.43,Clouds
270,Sayyan,YE,15.1718,44.3244,62.83,49,1,2.59,Clear
271,Carutapera,BR,-1.195,-46.02,76.3,93,51,7.58,Clouds
272,Haveli,PK,30.4502,73.6989,85.96,24,0,6.96,Clear
273,Katsuura,JP,35.1333,140.3,64.33,80,99,15.86,Clouds
274,Tigil,RU,57.8,158.6667,37.35,97,100,3.09,Clouds
275,Noumea,NC,-22.2763,166.4572,79.0,99,25,14.41,Clouds
276,Ostersund,SE,63.1792,14.6357,42.62,81,75,25.32,Clouds
277,Sibolga,ID,1.7427,98.7792,76.6,95,100,2.8,Rain
278,Zyryanovsk,KZ,49.7386,84.2719,51.91,59,2,2.53,Clear
279,Khvoynaya,RU,58.9,34.5333,40.39,97,37,5.39,Clouds
280,Cabo San Lucas,MX,22.8909,-109.9124,82.71,49,0,10.36,Clear
281,Adre,TD,13.4667,22.2,82.92,14,72,13.4,Clouds
282,Sitka,US,57.0531,-135.33,48.09,61,40,5.75,Clouds
283,Dori,BF,14.0354,-0.0345,96.24,23,99,12.75,Clouds
284,Nurota,UZ,40.5614,65.6886,72.68,46,2,6.11,Clear
285,Shingu,JP,33.7333,135.9833,64.99,79,95,6.96,Clouds
286,Port Hedland,AU,-20.3167,118.5667,71.65,49,0,11.5,Clear
287,Sao Joao Da Barra,BR,-21.6403,-41.0511,72.84,71,27,14.88,Clouds
288,Puertollano,ES,38.6871,-4.1073,60.08,48,10,0.25,Clear
289,Turukhansk,RU,65.8167,87.9833,23.86,94,100,16.96,Snow
290,Fort Nelson,CA,58.8053,-122.7002,53.19,32,100,12.66,Clouds
291,Novoagansk,RU,61.9449,76.6625,22.08,94,100,30.91,Snow
292,Kedgwick,CA,47.6446,-67.3434,38.37,53,94,5.79,Clouds
293,Weligama,LK,5.9667,80.4167,80.11,89,100,9.73,Clouds
294,Severodvinsk,RU,64.5635,39.8302,39.31,94,27,8.48,Clouds
295,Zambezi,ZM,-13.5432,23.1047,64.49,71,21,4.45,Clouds
296,Qixingtai,CN,30.4135,111.8874,72.55,75,99,9.33,Clouds
297,Vakhrushev,RU,48.9833,142.9667,46.6,64,100,8.95,Clouds
298,Conil,FR,44.9673,3.7177,41.41,96,71,8.05,Clouds
299,Kununurra,AU,-15.7667,128.7333,75.18,29,0,11.5,Clear
300,Greenfield,US,42.9614,-88.0126,61.11,51,75,16.11,Clouds
301,Monte Patria,CL,-30.6919,-70.9467,68.07,53,96,3.13,Clouds
302,Santa Cruz De La Palma,ES,28.6835,-17.7642,66.34,68,0,9.22,Clear
303,Peniche,PT,39.3558,-9.3811,57.29,93,84,5.28,Clouds
304,Lisakovsk,KZ,52.5369,62.4936,36.81,42,1,7.92,Clear
305,Tolaga Bay,NZ,-38.3667,178.3,61.84,70,10,1.52,Clear
306,Bengkulu,ID,-3.8004,102.2655,75.88,88,99,6.51,Clouds
307,Thap Than,TH,15.4606,99.8917,81.72,88,100,4.85,Clouds
308,Yongan,CN,39.6957,113.6871,49.12,27,34,7.9,Clouds
309,Lincoln,US,40.8,-96.667,66.0,73,100,6.91,Clouds
310,Bilma,NE,18.6853,12.9164,90.61,13,75,7.74,Clouds
311,La Palma,US,33.8464,-118.0467,88.92,58,20,12.66,Clouds
312,Nabire,ID,-3.3667,135.4833,81.79,79,69,1.52,Rain
313,Paragominas,BR,-2.9667,-47.4833,74.1,94,84,3.44,Rain
314,Isiro,CD,2.7739,27.616,65.77,100,93,2.33,Clouds
315,Sabang,ID,5.8933,95.3214,83.41,72,100,19.42,Clouds
316,Georgetown,MY,5.4112,100.3354,84.13,91,20,2.3,Clouds
317,Lasa,IT,46.6166,10.7002,52.68,97,99,3.76,Clouds
318,Ossora,RU,59.2353,163.0719,31.98,97,100,4.07,Clouds
319,Bilopillya,UA,51.1502,34.3129,42.91,72,8,7.58,Clear
320,Ahipara,NZ,-35.1667,173.1667,66.22,58,0,2.8,Clear
321,Lac Du Bonnet,CA,50.2536,-96.0612,69.17,36,79,11.21,Clouds
322,Hualmay,PE,-11.0964,-77.6139,66.18,84,7,10.33,Clear
323,Alpena,US,45.0617,-83.4327,59.32,33,0,10.36,Clear
324,Krasnoarmeyskoye,RU,52.7182,50.0322,39.16,56,0,2.71,Clear
325,Pemberton,CA,50.3164,-122.8027,48.63,90,100,3.11,Clouds
326,Kristiansund,NO,63.1115,7.732,43.45,70,100,24.16,Clouds
327,San Rafael,AR,-34.6177,-68.3301,63.82,36,0,9.89,Clear
328,Ipilan,PH,8.8431,117.9033,82.54,80,55,7.54,Clouds
329,San Juan,AR,-31.5375,-68.5364,65.35,38,100,3.6,Clouds
330,Molina,CL,-35.1167,-71.2833,56.93,72,0,0.0,Clear
331,Kaeo,NZ,-35.1,173.7833,69.33,79,3,6.38,Clear
332,Kozhevnikovo,RU,56.2589,83.9714,43.25,53,99,20.58,Clouds
333,La Mana,EC,-0.9333,-79.2167,77.31,86,95,2.24,Rain
334,Puerto Rondon,CO,6.2805,-71.1,75.36,90,89,5.37,Rain
335,Bay Roberts,CA,47.5999,-53.2648,37.51,85,89,5.01,Clouds
336,Pevek,RU,69.7008,170.3133,30.43,87,100,1.3,Clouds
337,Lavrentiya,RU,65.5833,-171.0,23.99,83,45,5.77,Clouds
338,Mayna,RU,54.1135,47.6231,36.7,61,1,4.83,Clear
339,Yerbogachen,RU,61.2767,108.0108,39.2,78,70,4.54,Clouds
340,Kholm-Zhirkovskiy,RU,55.5189,33.4731,46.31,75,100,6.69,Clouds
341,Cairns,AU,-16.9167,145.7667,82.06,78,100,8.05,Clouds
342,Agbor,NG,6.2518,6.1934,75.52,90,99,0.4,Clouds
343,Khasan,RU,42.4308,130.6434,51.71,52,100,7.29,Clouds
344,Port-Gentil,GA,-0.7193,8.7815,82.36,89,75,8.05,Thunderstorm
345,Fethiye,TR,36.6217,29.1164,57.07,46,79,5.82,Clouds
346,Vila Velha,BR,-20.3297,-40.2925,76.95,69,75,9.22,Clouds
347,Xining,CN,36.6167,101.7667,56.12,52,4,1.39,Clear
348,Gat,IL,31.61,34.7642,60.4,100,0,4.32,Clear
349,Svetlyy,RU,54.675,20.1347,44.65,88,0,7.67,Clear
350,Hermiston,US,45.8404,-119.2895,68.14,67,75,5.75,Rain
351,Te Anau,NZ,-45.4167,167.7167,58.32,82,97,4.79,Clouds
352,Altamont,US,42.2068,-121.7372,59.77,80,100,18.41,Clouds
353,Solnechnyy,RU,50.7214,136.6319,40.44,70,12,5.03,Clouds
354,Saint-Georges,GD,12.0564,-61.7485,80.28,78,20,11.5,Clouds
355,Ballina,AU,-28.8667,153.5667,67.96,92,75,8.05,Clouds
356,Yorkton,CA,51.2167,-102.4677,69.8,40,89,14.65,Clouds
357,Limoux,FR,42.9167,2.1667,56.52,78,90,10.11,Clouds
358,Nouadhibou,MR,20.931,-17.0347,66.18,82,0,14.97,Clear
359,Topolobampo,MX,25.6,-109.05,84.11,42,0,14.97,Clear
360,Itarema,BR,-2.9248,-39.9167,76.39,89,99,14.16,Rain
361,Preobrazheniye,RU,42.9019,133.9064,48.07,85,100,5.61,Rain
362,Hit,IQ,33.6416,42.8251,70.54,33,58,7.34,Clouds
363,Mongu,ZM,-15.2484,23.1274,67.8,56,88,5.75,Clouds
364,Vostok,RU,46.4856,135.8833,45.9,67,100,3.18,Clouds
365,Bukachacha,RU,52.9833,116.9167,43.23,30,78,1.45,Clouds
366,Asau,RO,46.4333,26.4,45.52,68,16,3.29,Clouds
367,Union,US,40.6334,-74.2663,52.99,92,100,8.05,Rain
368,Ostrovnoy,RU,68.0531,39.5131,36.09,90,100,17.36,Clouds
369,Launceston,AU,-41.45,147.1667,50.81,98,100,10.36,Clouds
370,Bull Savanna,JM,17.8868,-77.5902,78.31,76,26,9.44,Clouds
371,Nizhniy Odes,RU,63.6445,54.856,31.3,80,97,7.78,Clouds
372,Lebu,CL,-37.6167,-73.65,52.93,92,70,8.21,Clouds
373,Narsaq,GL,60.9167,-46.05,37.62,99,100,1.77,Clouds
374,Robertsport,LR,6.7533,-11.3686,81.86,85,97,5.79,Rain
375,Kiruna,SE,67.8557,20.2251,40.12,81,100,23.02,Clouds
376,Riyadh,SA,24.6877,46.7219,80.74,26,34,8.19,Clouds
377,Severnoye,RU,56.3491,78.3619,32.5,63,87,22.28,Clouds
378,Balad,IQ,34.0164,44.1453,68.05,33,4,1.66,Clear
379,Ocos,GT,14.5094,-92.1933,87.98,68,26,6.42,Clouds
380,Seinajoki,FI,62.7945,22.8282,46.98,78,0,10.36,Clear
381,Leningradskiy,RU,69.3833,178.4167,22.8,90,100,8.16,Clouds
382,Kabompo,ZM,-13.5927,24.2008,62.19,69,21,4.54,Clouds
383,Thompson,CA,55.7435,-97.8558,62.76,45,75,9.22,Clouds
384,Lewisporte,CA,49.2499,-55.0482,31.71,91,97,3.71,Clouds
385,Matagami,CA,49.7502,-77.6328,44.71,31,0,9.22,Clear
386,Tabuk,PH,17.4189,121.4443,80.53,72,66,5.01,Clouds
387,Zholymbet,KZ,51.7433,71.7122,40.6,44,95,12.44,Clouds
388,Toma,BF,12.7667,-2.8833,94.96,18,99,8.52,Clouds
389,Zhigansk,RU,66.7697,123.3711,24.8,71,96,10.65,Clouds
390,Sinnamary,GF,5.3833,-52.95,76.69,92,100,8.01,Clouds
391,Clyde River,CA,70.4692,-68.5914,12.43,92,0,8.05,Clear
392,Rampur Hat,IN,24.1667,87.7833,81.52,72,2,4.72,Clear
393,Mabaruma,GY,8.2,-59.7833,74.52,95,98,2.84,Clouds
394,North Bend,US,43.4065,-124.2243,58.91,88,100,25.32,Clouds
395,Lamar,US,33.6668,-95.5836,79.65,44,0,5.75,Clear
396,Licheng,CN,23.2955,113.8284,73.87,89,100,2.37,Clouds
397,Aswan,EG,24.0934,32.907,72.7,14,0,8.05,Clear
398,Torrington,US,41.8007,-73.1212,57.74,89,100,3.11,Rain
399,Bodden Town,KY,19.2833,-81.25,84.99,69,20,6.91,Clouds
400,Olafsvik,IS,64.8945,-23.7142,38.73,87,98,19.84,Clouds
401,Bam,IR,29.106,58.357,77.7,24,23,2.51,Clouds
402,Labrea,BR,-7.2586,-64.7981,73.92,95,37,1.9,Rain
403,Kirakira,SB,-10.4544,161.9205,84.92,73,31,8.99,Clouds
404,Felanitx,ES,39.4696,3.1483,62.13,62,18,4.68,Clouds
405,Gurupa,BR,-1.405,-51.64,74.59,97,96,3.29,Clouds
406,Tiarei,PF,-17.5333,-149.3333,87.82,79,11,8.21,Rain
407,Iqaluit,CA,63.7506,-68.5145,19.13,73,75,11.5,Clouds
408,Umm Lajj,SA,25.0213,37.2685,73.76,52,0,10.8,Clear
409,Atambua,ID,-9.1061,124.8925,75.52,82,42,4.59,Clouds
410,Pabbi,PK,34.0106,71.7989,75.88,33,0,1.54,Clear
411,Luau,AO,-10.7073,22.2247,68.85,67,97,3.0,Clouds
412,Margate,GB,51.3813,1.3862,58.87,77,100,3.0,Clouds
413,Namatanai,PG,-3.6667,152.4333,85.5,65,86,10.42,Clouds
414,Waipawa,NZ,-41.4122,175.5153,63.18,60,13,5.12,Clouds
415,Masingbi,SL,8.7833,-11.95,77.41,84,12,2.68,Clouds
416,Yaring,TH,6.8662,101.3689,81.28,90,100,9.08,Rain
417,Vila,PT,42.0304,-8.1588,54.48,74,55,4.36,Clouds
418,Hofn,IS,64.2539,-15.2082,37.9,50,16,12.1,Clouds
419,Mpulungu,ZM,-8.7623,31.1141,69.22,80,60,7.25,Clouds
420,Boguchar,RU,49.9358,40.545,39.16,60,12,4.05,Clouds
421,Terme,TR,41.2092,36.9739,51.73,94,100,12.64,Clouds
422,Boddam,GB,57.4667,-1.7833,48.58,85,27,10.36,Clouds
423,Konya,TR,38.1667,32.5,42.28,80,97,8.55,Clouds
424,Kodinsk,RU,58.6881,99.1844,45.03,70,12,5.28,Clouds
425,Iranshahr,IR,27.2025,60.6848,82.35,31,0,2.3,Clear
426,Talas,TR,38.6908,35.5538,43.47,81,75,5.75,Clouds
427,High Level,CA,58.5169,-117.136,42.91,93,100,13.8,Rain
428,Mandalgovi,MN,45.7625,106.2708,40.93,26,100,18.9,Clouds
429,Port Hardy,CA,50.6996,-127.4199,51.98,66,40,13.8,Clouds
430,Flinders,AU,-34.5833,150.8552,58.37,58,8,11.01,Clear
431,Wana,PK,32.2989,69.5725,70.7,29,0,4.18,Clear
432,Igrim,RU,63.1906,64.4162,23.31,87,16,3.78,Clouds
433,Yaroslavskiy,RU,44.1683,132.2072,52.86,38,63,11.95,Clouds
434,Correntina,BR,-13.3433,-44.6367,77.32,52,64,3.6,Clouds
435,Emerald,AU,-23.5333,148.1667,68.14,64,100,13.8,Clouds
436,Pacifica,US,37.6138,-122.4869,74.71,87,75,16.11,Mist
437,Voh,NC,-20.9667,164.7,81.19,59,8,7.83,Clear
438,Yenagoa,NG,4.9247,6.2642,75.83,90,99,1.97,Clouds
439,Laguna,US,38.421,-121.4238,78.15,53,100,16.11,Clouds
440,Shache,CN,38.4167,77.2406,70.41,32,100,11.61,Clouds
441,Tautira,PF,-17.7333,-149.15,81.39,77,25,4.41,Rain
442,Vao,NC,-22.6667,167.4833,75.38,66,78,18.61,Clouds
443,Morant Bay,JM,17.8815,-76.4093,82.02,86,13,7.16,Clouds
444,Nuuk,GL,64.1835,-51.7216,32.61,64,20,6.91,Clouds
445,Kaohsiung,TW,22.6163,120.3133,80.55,79,75,3.44,Clouds
446,Libreville,GA,0.3925,9.4537,78.89,86,100,3.09,Rain
447,Haverfordwest,GB,51.8017,-4.9691,56.55,95,62,1.01,Clouds
448,Ust-Omchug,RU,61.15,149.6333,28.69,82,100,5.91,Clouds
449,Saint-Augustin,CA,51.226,-58.6502,32.94,62,91,12.3,Clouds
450,Ushtobe,KZ,45.2514,77.9838,66.04,39,88,4.9,Clouds
451,Iralaya,HN,15.0,-83.2333,80.06,84,63,9.1,Clouds
452,Ploemeur,FR,47.7333,-3.4333,56.82,82,0,5.75,Clear
453,Comarapa,BO,-17.9,-64.4833,49.19,88,2,1.7,Clear
454,Dicabisagan,PH,17.0818,122.4157,84.65,69,10,2.24,Clear
455,La Romana,DO,18.4273,-68.9728,79.16,78,40,4.61,Clouds
456,Rondonopolis,BR,-16.4708,-54.6356,67.75,42,0,4.54,Clear
457,Lahat,ID,-3.8,103.5333,73.76,98,100,2.57,Rain
458,Tilichiki,RU,60.4667,166.1,29.52,98,100,5.59,Clouds
459,Divnoye,RU,45.9089,43.3547,42.53,62,100,10.49,Clouds
460,Kalamare,BW,-22.9337,26.5703,60.85,39,2,1.88,Clear
461,Takaungu,KE,-3.6837,39.8566,77.83,84,80,11.72,Rain
462,Komsomolskiy,UZ,40.4272,71.7189,61.52,67,30,6.91,Clouds
463,Ishigaki,JP,24.3448,124.1572,78.93,78,75,2.3,Clouds
464,Gondal,IN,21.9667,70.8,79.47,70,0,8.81,Clear
465,Bayangol,RU,50.6977,103.4656,47.35,39,53,2.06,Clouds
466,Akdepe,TM,42.0551,59.3788,68.09,40,64,4.92,Clouds
467,Sorland,NO,67.667,12.6934,40.87,81,55,41.81,Rain
468,Katangli,RU,51.7102,143.2326,36.14,91,52,16.13,Clouds
469,Mahanje,TZ,-9.9333,35.3333,63.66,87,95,1.88,Clouds
470,Neryungri,RU,56.6709,124.6491,32.49,78,99,9.24,Clouds
471,Xuddur,SO,4.1213,43.8894,73.89,85,40,14.0,Clouds
472,Dali,CN,25.7,100.1833,60.8,74,5,2.59,Clear
473,Aksarka,RU,66.5606,67.7975,1.08,98,75,2.19,Clouds
474,Washington,US,47.5001,-120.5015,56.79,64,100,2.37,Clouds
475,Pochutla,MX,15.7432,-96.4661,85.82,50,1,6.08,Clear
476,Palauig,PH,15.435,119.9045,86.05,59,29,1.57,Clouds
477,Maragheh,IR,37.3917,46.2398,50.32,49,3,7.61,Clear
478,Abha,SA,18.2164,42.5053,66.02,48,0,5.75,Clear
479,Almaznyy,RU,48.0448,40.045,38.26,58,38,8.99,Clouds
480,Manokwari,ID,-0.8667,134.0833,83.43,72,49,3.51,Clouds
481,Ha Tinh,VN,18.3333,105.9,74.37,93,82,2.82,Clouds
482,Rio Grande,BR,-32.035,-52.0986,50.95,74,12,3.71,Clouds
483,Chapais,CA,49.7834,-74.8492,40.78,64,33,6.67,Clouds
484,Tarauaca,BR,-8.1614,-70.7656,77.11,78,96,1.14,Clouds
485,Half Moon Bay,US,37.4636,-122.4286,76.59,77,100,17.27,Mist
486,Ulcinj,ME,41.9294,19.2244,57.42,80,100,10.89,Clouds
487,Uige,AO,-7.6087,15.0613,68.74,80,90,2.59,Clouds
488,Makokou,GA,0.5738,12.8642,70.65,97,100,2.46,Clouds
489,Marawi,PH,7.9986,124.2928,75.16,75,70,1.7,Clouds
490,Severomuysk,RU,56.1481,113.4267,28.26,61,66,3.38,Clouds
491,Khandyga,RU,62.6667,135.6,35.01,80,74,4.45,Clouds
492,Atar,MR,20.5169,-13.0499,85.57,12,1,6.22,Clear
493,San Francisco,US,37.7749,-122.4194,74.95,83,75,16.11,Clouds
494,Alyangula,AU,-13.8483,136.4192,80.47,61,11,9.22,Clouds
495,Srednekolymsk,RU,67.45,153.6833,29.21,93,100,9.48,Clouds
496,Sassandra,CI,4.95,-6.0833,79.63,88,53,6.04,Rain
497,Alofi,NU,-19.0595,-169.9187,80.49,83,23,5.75,Clouds
498,Inuvik,CA,68.3499,-133.7218,31.06,74,100,5.75,Clouds
499,Salinas,US,36.6777,-121.6555,79.61,62,0,17.27,Clear
500,Bosaso,SO,11.2842,49.1816,85.93,54,10,7.11,Clear
501,Yatou,CN,37.15,122.3833,58.3,56,92,16.89,Clouds
502,Sioux Lookout,CA,50.1001,-91.917,64.47,29,75,9.22,Clouds
503,Magrath,CA,49.4167,-112.8686,62.31,22,26,31.07,Clouds
504,Arroyo,ES,41.6096,-4.7969,51.84,72,0,13.8,Clear
505,Chicama,PE,-7.8447,-79.1469,63.14,79,28,6.26,Clouds
506,Bambanglipuro,ID,-7.95,110.2833,79.07,86,86,2.82,Clouds
507,Sibu,MY,2.3,111.8167,77.31,94,40,2.3,Clouds
508,Benguela,AO,-12.5763,13.4055,76.75,72,71,2.93,Clouds
509,Kikwit,CD,-5.041,18.8162,74.95,73,100,1.61,Clouds
510,Pontian Kecil,MY,1.4801,103.3899,79.12,90,100,4.68,Rain
511,Pingliang,CN,35.5392,106.6861,63.18,65,10,7.34,Clear
512,Puro,PH,12.4841,123.3827,83.7,75,19,13.76,Clouds
513,Andenes,NO,69.3143,16.1194,40.98,70,72,28.77,Clouds
514,Luang Prabang,LA,19.8856,102.1347,73.6,93,51,1.01,Clouds
515,Ugoofaaru,MV,5.6667,73.0,84.29,74,31,11.03,Clouds
516,Whitehorse,CA,60.7161,-135.0538,47.01,51,75,11.5,Clouds
517,Mount Gambier,AU,-37.8333,140.7667,51.71,93,75,9.22,Rain
518,Buhe,CN,30.2876,112.2298,74.44,70,100,8.72,Clouds
519,Baculin,PH,7.4525,126.5842,82.08,83,71,7.11,Clouds
520,Maldonado,UY,-34.6667,-54.9167,57.22,87,2,2.44,Clear
521,College,US,64.8569,-147.8028,53.92,63,75,18.41,Clouds
522,San Quintin,MX,30.4833,-115.95,67.23,62,1,13.02,Clear
523,Wakkanai,JP,45.4094,141.6739,48.56,90,100,13.62,Clouds
524,Berbera,SO,10.4396,45.0143,85.73,66,44,2.19,Clouds
525,Hambantota,LK,6.1241,81.1185,79.66,88,100,10.54,Clouds
526,Lazaro Cardenas,MX,17.9583,-102.2,80.8,64,69,11.14,Clouds
527,Zhezkazgan,KZ,47.8043,67.7144,51.13,38,42,19.24,Clouds
528,Asbestos,CA,45.7668,-71.9324,49.55,59,6,0.38,Clear
529,Chistogorskiy,RU,53.9835,87.3843,58.28,49,88,11.5,Clouds
530,Urumqi,CN,43.801,87.6005,52.75,94,0,4.47,Clear
531,Tutoia,BR,-2.7619,-42.2744,78.51,88,96,11.34,Clouds
532,Aleksandrov Gay,RU,50.147,48.5704,39.49,56,76,11.61,Clouds
533,Chara,RU,56.9064,118.2631,36.05,61,22,2.93,Clouds
534,Soyo,AO,-6.1349,12.3689,77.49,92,48,3.53,Clouds
535,Faya,SA,18.3851,42.4509,66.31,63,7,1.59,Clear
536,Ilulissat,GL,69.2167,-51.1,28.42,64,20,0.0,Clouds
537,Warrnambool,AU,-38.3833,142.4833,51.82,82,97,17.38,Clouds
538,Hovd,MN,48.0056,91.6419,54.32,37,0,2.62,Clear
539,Warri,NG,5.5167,5.75,75.18,90,100,1.57,Clouds
540,Bestobe,KZ,52.4994,73.0975,39.96,45,97,13.44,Clouds
541,Mongo,TD,12.1844,18.693,91.67,27,76,3.91,Clouds
542,Shimoda,JP,34.6667,138.95,62.96,83,91,12.44,Clouds
543,Barcelona,ES,41.3888,2.159,63.54,63,20,6.91,Clouds
544,Smithers,CA,54.7804,-127.1743,50.32,40,75,12.66,Clouds
545,Sturgis,US,41.7992,-85.4192,55.53,90,100,6.91,Rain
546,Edgewater,US,28.9889,-80.9023,88.03,40,20,16.11,Clouds
547,Severo-Yeniseyskiy,RU,60.3725,93.0408,41.94,72,68,9.08,Clouds
548,Taksimo,RU,56.3444,114.8794,40.14,48,96,2.06,Clouds
549,Bathsheba,BB,13.2167,-59.5167,79.41,83,20,12.66,Clouds
550,Mnogovershinnyy,RU,53.9353,139.9242,31.73,96,88,8.61,Clouds
551,Moindou,NC,-21.6924,165.677,78.26,61,2,6.4,Clear
552,Outjo,NA,-20.1167,16.15,57.42,44,1,1.88,Clear
553,Belmonte,BR,-15.8631,-38.8828,76.51,78,72,7.29,Clouds
554,Karaton,ID,-6.3424,106.1045,76.91,90,50,0.49,Clouds
555,Caravelas,BR,-17.7125,-39.2481,74.62,88,67,2.06,Clouds
556,Calabozo,VE,8.9242,-67.4293,76.35,86,100,0.13,Clouds
557,Garowe,SO,8.4054,48.4845,80.47,70,7,14.16,Clear
558,Zadar,HR,44.1197,15.2422,56.01,94,40,3.44,Clouds
559,Russell,US,32.3502,-85.1999,80.2,52,23,13.02,Clouds
560,Ixtapa,MX,20.7,-105.2,79.23,73,20,14.97,Clouds
561,Baruun-Urt,MN,46.6806,113.2792,41.79,20,65,7.34,Clouds
562,Antofagasta,CL,-23.65,-70.4,61.88,87,92,6.22,Clouds
563,Kerman,IR,30.2832,57.0788,58.86,41,0,2.3,Clear
564,Bubaque,GW,11.2833,-15.8333,77.72,74,5,15.59,Clear
565,Lingyuan,CN,41.24,119.4011,51.75,16,20,14.56,Clouds
566,Sapa,PH,5.1544,120.3241,83.55,78,80,4.92,Clouds
567,Bekovo,RU,52.4663,43.712,37.51,63,0,5.97,Clear
568,Palmer,US,42.1584,-72.3287,61.21,47,100,4.61,Clouds
569,Pitimbu,BR,-7.4706,-34.8086,77.59,85,38,12.06,Clouds
570,Serafimovskiy,RU,54.4241,53.7964,34.23,70,18,3.76,Clouds
571,Pasighat,IN,28.0667,95.3333,72.79,76,3,3.58,Clear
572,Vallenar,CL,-28.5708,-70.7581,63.91,66,100,1.66,Clouds
573,Tarata,BO,-17.6167,-66.0167,67.42,66,0,6.11,Clear
574,Reconquista,AR,-29.15,-59.65,63.39,89,100,5.61,Clouds
575,Voznesenye,RU,61.0106,35.4781,42.04,96,40,8.41,Clouds
576,Morros,BR,-9.4467,-46.3003,80.67,47,92,3.02,Clouds
577,Middletown,US,39.5151,-84.3983,62.83,92,100,12.66,Rain
578,Spassk-Ryazanskiy,RU,54.4072,40.3806,44.35,70,15,7.78,Clouds
579,Calama,CL,-22.4667,-68.9333,61.29,23,0,9.22,Clear
580,Lyubinskiy,RU,55.1542,72.6925,31.68,58,4,12.64,Clear
581,Tessalit,ML,20.1986,1.0114,87.19,18,100,7.67,Clouds
582,Laon,FR,49.5667,3.6667,49.71,90,89,4.7,Clouds
583,Pa Sang,TH,18.5262,98.9394,78.03,59,93,1.9,Clouds
584,Roma,US,43.2128,-75.4557,62.74,39,0,3.44,Clear
585,Lebedyan,RU,53.0194,39.1664,41.95,69,15,7.0,Clouds
586,Pinheiro Machado,BR,-31.5783,-53.3811,56.05,81,25,1.63,Clouds
587,Goure,NE,13.9835,10.2704,89.51,20,100,7.63,Clouds
588,Waingapu,ID,-9.6567,120.2641,82.44,77,66,10.31,Clouds
589,Ola,RU,59.5833,151.2833,34.14,95,100,21.65,Snow
590,Atikokan,CA,48.7555,-91.6216,56.43,57,87,7.63,Clouds
